session_key,subject,condition,trial,window_index,time_minutes,theta_power,alpha_power,beta_power,gamma_power,theta_alpha,beta_alpha,alpha_beta,beta_theta,dominant_frequency,dominant_band
a_concentrating_1,a,concentrating,1,0,0.0,25.588830978385115,14.253233227317148,27.33748696724222,19.38377106093719,1.7953000957945904,1.917984960412234,0.5213805220793124,1.068336689172483,1.0,other
a_concentrating_1,a,concentrating,1,1,0.041666666666666664,19.192432463487528,10.437429171814546,20.296966503086757,19.49877786384636,1.8388084026778526,1.944632741355229,0.5142359164965477,1.0575504976610204,1.5,other
a_concentrating_1,a,concentrating,1,2,0.08333333333333333,11.615265998797138,8.383983855592959,19.922272903161346,19.334667487836242,1.3854113031299065,2.376229874282402,0.42083470577609416,1.7151800832821624,1.0,other
a_concentrating_1,a,concentrating,1,3,0.125,21.417663184945976,11.890035244940556,24.117482829298304,19.907856352122185,1.8013120014980286,2.028377740895324,0.4930048185002272,1.1260557522563888,1.5,other
a_concentrating_1,a,concentrating,1,4,0.16666666666666666,43.286495086322915,18.67255026705188,27.52464313067389,24.631982252795048,2.3181887030558905,1.4740698371149505,0.6783939097195014,0.6358713745657536,1.5,other
a_concentrating_1,a,concentrating,1,5,0.20833333333333334,29.221484273687945,13.230286727738394,29.033952500822448,28.924945877333432,2.208681102309195,2.19450667232709,0.4556832807163826,0.9935824008421653,1.0,other
a_concentrating_1,a,concentrating,1,6,0.25,21.5238258189886,18.16662316958993,38.570078950246256,32.110414188727795,1.184800588312883,2.123128695420443,0.47100300709843224,1.7919713379309747,1.0,other
a_concentrating_1,a,concentrating,1,7,0.2916666666666667,44.96074464968537,22.042727458222025,43.56979275888113,44.84168160946189,2.0397087762800803,1.9766062453686701,0.5059176567629853,0.9690629703390828,1.0,other
a_concentrating_1,a,concentrating,1,8,0.3333333333333333,62.34475033741715,24.289802278547832,47.97929869335108,53.959248702950376,2.5667047274599897,1.9752856833966592,0.506255884100988,0.7695804126840103,2.0,other
a_concentrating_1,a,concentrating,1,9,0.375,71.30559785838756,18.129942756711724,62.63027690731844,58.437606888786604,3.9330293986719926,3.4545214923049135,0.28947569214073227,0.8783360463746724,1.5,other
a_concentrating_1,a,concentrating,1,10,0.4166666666666667,63.79694432404629,18.084053400781016,70.42229016375623,52.82139112581497,3.527801146688221,3.894165130076138,0.25679445185223776,1.1038505199568425,1.0,other
a_concentrating_1,a,concentrating,1,11,0.4583333333333333,33.746001555443925,12.803673225636825,72.95788806305164,54.31708092707894,2.6356500170493438,5.6981997882426345,0.17549402217580146,2.161971335868739,1.5,other
a_concentrating_1,a,concentrating,1,12,0.5,81.9145478887514,15.942633249203787,82.1844856833182,68.54097952300378,5.138081432867585,5.15501325274623,0.19398592224128042,1.0032953584134212,1.0,other
a_concentrating_1,a,concentrating,1,13,0.5416666666666666,58.94451800784556,11.33244171423781,100.8713891862936,83.4768247949438,5.201396088698967,8.901116964013253,0.11234545103080291,1.7112938165491072,1.0,other
a_concentrating_1,a,concentrating,1,14,0.5833333333333334,53.882410211429146,14.797239731284314,113.6701457574092,111.48617230086916,3.641382527412257,7.681847954188906,0.13017701026674197,2.1095965327345048,1.5,other
a_concentrating_1,a,concentrating,1,15,0.625,12.9701400150757,12.306392911393674,110.47813951375488,121.82542555556506,1.0539351464284474,8.977296622105287,0.11139210857059635,8.517883337060496,1.5,other
a_concentrating_1,a,concentrating,1,16,0.6666666666666666,52.44456121311663,16.197977540943945,114.21854788043619,125.06108357218889,3.237722800920762,7.051407966934374,0.14181564939785407,2.1778911909719554,1.0,other
a_concentrating_1,a,concentrating,1,17,0.7083333333333334,153.85385296804765,26.841353412619416,138.0707490606746,111.35143124103111,5.7319707617915245,5.143956302731026,0.19440289558235177,0.8974149583978837,1.0,other
a_concentrating_1,a,concentrating,1,18,0.75,116.54342241855694,29.200051042713845,157.51524551983766,123.65028701215634,3.9912061197453794,5.394348293755525,0.18537920533562802,1.3515584341957412,1.5,other
a_concentrating_1,a,concentrating,1,19,0.7916666666666666,49.568224725969685,23.548073444835218,168.854305918535,130.62685801405695,2.1049800461209895,7.17062082866782,0.1394579387048392,3.4065029936419973,1.0,other
a_concentrating_1,a,concentrating,1,20,0.8333333333333334,39.20846501489529,12.728509847743183,202.5268279605537,126.93423513339117,3.0803656896134712,15.911275583957107,0.0628485123473238,5.165385277990704,1.5,other
a_concentrating_1,a,concentrating,1,21,0.875,20.82233231102914,20.820068587789773,233.47418157858198,147.03151944011228,1.0001087279434178,11.213900693656036,0.08917503617324908,11.212681561849617,21.5,beta
a_concentrating_2,a,concentrating,2,0,0.0,23.085639642478448,10.05584620588328,21.903910675997913,29.144129293640336,2.29574311001017,2.178226499047171,0.4590890802390997,0.9488110797542681,1.0,other
a_concentrating_2,a,concentrating,2,1,0.041666666666666664,37.523184696972955,11.428205438238958,22.32852325975336,34.49539452904896,3.28338380857416,1.9538083542882214,0.5118209254276135,0.5950593863519967,1.5,other
a_concentrating_2,a,concentrating,2,2,0.08333333333333333,51.24089673696969,11.71779397987058,25.256478418443997,31.462458041087803,4.372913265499794,2.155395329686702,0.4639520120633069,0.49289688562811107,1.0,other
a_concentrating_2,a,concentrating,2,3,0.125,63.604193409478476,12.903706786469337,39.511554519767145,32.686651947545876,4.929141250805003,3.0620313351508,0.32658058998953765,0.6212098983064696,1.0,other
a_concentrating_2,a,concentrating,2,4,0.16666666666666666,35.034846639398445,11.67133942895164,40.300880183341235,33.64963104035842,3.0017845725994277,3.452978163189381,0.28960507502206123,1.1503084514153652,0.5,other
a_concentrating_2,a,concentrating,2,5,0.20833333333333334,75.78497967656476,24.714579837957793,47.34444161886758,34.90544562587091,3.0664077711800988,1.9156482501132306,0.5220165027378548,0.6247206480878434,1.0,other
a_concentrating_2,a,concentrating,2,6,0.25,153.80828304830374,24.62177291401881,53.855661566077494,44.96033522234949,6.24684028990985,2.1873185880702315,0.45718077167819116,0.350147992674517,1.0,other
a_concentrating_2,a,concentrating,2,7,0.2916666666666667,221.42324025089394,24.908412489062304,73.6885807644537,79.65674353998548,8.889496283559803,2.958381261624424,0.3380226926704193,0.3327951514075822,1.0,other
a_concentrating_2,a,concentrating,2,8,0.3333333333333333,309.6674351146101,47.69917593324383,89.35952151879076,85.5032501352001,6.492091929386732,1.873397595879887,0.5337895181456799,0.2885660918324142,1.0,other
a_concentrating_2,a,concentrating,2,9,0.375,278.8113797015369,42.67526619358714,93.7971655875548,71.57185839301086,6.533324910892628,2.197928072951301,0.45497394218967085,0.3364179958793761,1.0,other
a_concentrating_2,a,concentrating,2,10,0.4166666666666667,98.39170535691257,24.384912041968832,80.68312218223208,77.86010445214609,4.034941983287484,3.3087313189142735,0.3022306448044079,0.8200195523551177,1.0,other
a_concentrating_2,a,concentrating,2,11,0.4583333333333333,92.25672674695757,16.394108969729093,101.38721259888119,98.54757002902511,5.627431592488803,6.184368591552468,0.1616979947420904,1.0989682397573761,1.0,other
a_concentrating_2,a,concentrating,2,12,0.5,194.46210848988488,19.51127695209871,139.03242502551765,126.40551888446679,9.966652052928179,7.125747093173354,0.14033616221912018,0.7149589506417882,1.0,other
a_concentrating_2,a,concentrating,2,13,0.5416666666666666,165.14002549264148,49.84960941807208,236.99142002265037,143.71528963734494,3.3127646820192123,4.7541279217472345,0.21034351966542805,1.4350937594666324,1.0,other
a_concentrating_2,a,concentrating,2,14,0.5833333333333334,386.155611090576,66.38128586249377,352.77526926569413,170.5427813733003,5.817236079013025,5.314378362547154,0.18816876251180303,0.9135572788114887,1.0,other
a_concentrating_2,a,concentrating,2,15,0.625,502.14095349557135,71.63721262379401,488.7803288380368,280.08359037916273,7.009498766131323,6.8229947946870615,0.14656320722663915,0.9733926807512377,1.0,other
a_concentrating_2,a,concentrating,2,16,0.6666666666666666,272.6227514937511,37.513910796935605,378.52698702787865,228.66290804223974,7.267244222269164,10.090309940674043,0.09910498348212275,1.388464407148187,1.0,other
a_concentrating_2,a,concentrating,2,17,0.7083333333333334,92.53517039843399,28.0864486819937,384.42131544591234,206.83756282278014,3.2946554207032426,13.687074496262886,0.07306163199981411,4.15432655271166,1.0,other
a_concentrating_2,a,concentrating,2,18,0.75,62.53122454264489,28.56372902859811,360.35946079730076,249.62557254779597,2.1891828087305547,12.615980932899467,0.07926454592145417,5.762872283934623,0.5,other
a_neutral_1,a,neutral,1,0,0.0,14.790861546576807,10.835257628026216,10.697908448675625,3.2629472024628696,1.3650678234285007,0.9873238658400398,1.012838881544887,0.7232782495453448,1.0,other
a_neutral_1,a,neutral,1,1,0.041666666666666664,13.526201573157026,8.155259443882393,9.652939227381284,2.964074409072157,1.6585862983554258,1.183645878319955,0.8448472793394772,0.7136474475241965,1.5,other
a_neutral_1,a,neutral,1,2,0.08333333333333333,16.216881857235297,8.050465535316416,8.820256260562719,3.856940567913586,2.01440299149084,1.0956206472618664,0.9127246757343996,0.5438934770698528,1.5,other
a_neutral_1,a,neutral,1,3,0.125,13.192367026184037,8.690621545776157,11.209571213451825,5.078358292375897,1.5180004049993217,1.2898468946562214,0.7752858142644339,0.8497012849326596,1.0,other
a_neutral_1,a,neutral,1,4,0.16666666666666666,14.203320413304159,7.431997647543413,8.197969093404897,2.7272749300677694,1.9111039974560478,1.1030640054245267,0.906565707050824,0.577186802441344,1.5,other
a_neutral_1,a,neutral,1,5,0.20833333333333334,13.559869776519378,8.188218744540533,8.672302151245315,3.1346004396778957,1.6560219260825653,1.0591195010547982,0.9441805188216063,0.6395564481203572,1.5,other
a_neutral_1,a,neutral,1,6,0.25,25.19637094017901,8.873005905793658,10.055492976095184,4.503122164988078,2.8396657466132145,1.1332679232783354,0.8824038688990544,0.39908497140198657,1.0,other
a_neutral_1,a,neutral,1,7,0.2916666666666667,32.71780393058018,7.85361880425962,9.1703549411683,4.270891788454214,4.165952632286508,1.1676597973146485,0.8564138307234453,0.28028638354290925,1.0,other
a_neutral_1,a,neutral,1,8,0.3333333333333333,18.044061231840953,8.589831143392248,10.964947660320066,4.473108779736404,2.1006304932689392,1.2765032836244847,0.7833900725743648,0.6076762608725288,1.5,other
a_neutral_1,a,neutral,1,9,0.375,52.434647430175445,11.26920170276546,12.94053915112586,6.866506984155786,4.652915868681984,1.1483101902373665,0.8708448366144784,0.24679367146233067,1.5,other
a_neutral_1,a,neutral,1,10,0.4166666666666667,31.775457710706803,7.1730428937482245,10.95659075149439,6.003520913830878,4.429843538005494,1.5274676192224885,0.6546783626804605,0.34481299533893245,1.5,other
a_neutral_1,a,neutral,1,11,0.4583333333333333,24.364908510849602,8.04583419159179,12.118311046068369,6.501088533560944,3.0282638108938262,1.5061596793446819,0.6639402273968004,0.49736739379391187,1.5,other
a_neutral_1,a,neutral,1,12,0.5,26.771412851432906,7.4283227800065506,11.327739862657156,4.810719635297444,3.6039646693178966,1.5249391010775606,0.6557638920094413,0.4231282049072301,2.0,other
a_neutral_1,a,neutral,1,13,0.5416666666666666,33.523213365323386,7.732252558292602,10.330373719208518,4.36851508450227,4.335504190091512,1.3360109025576914,0.7484968858304794,0.30815583239685246,3.0,other
a_neutral_1,a,neutral,1,14,0.5833333333333334,12.701743178226002,8.264612236250056,9.156189429517891,4.86305800425587,1.5368831368172244,1.1078788898718344,0.9026257374717966,0.720860853588499,1.5,other
a_neutral_1,a,neutral,1,15,0.625,19.220715826689048,9.12388821999378,9.811618518196967,7.330732822987871,2.106636486905815,1.075376887750128,0.929906539178251,0.5104710254637334,1.0,other
a_neutral_1,a,neutral,1,16,0.6666666666666666,16.019930263876464,9.968231675574508,9.658695541804052,5.0912278914030615,1.6070985090696313,0.9689477387921348,1.0320474056181546,0.6029174523676649,1.0,other
a_neutral_1,a,neutral,1,17,0.7083333333333334,15.682793173758174,9.812015531147669,8.73180927634636,2.6794156649768697,1.5983253516032527,0.8899098506955826,1.123709327656467,0.5567764096358288,1.0,other
a_neutral_1,a,neutral,1,18,0.75,17.080020977055923,9.032489765716923,10.015146639666884,3.7334577391610964,1.8909538145156433,1.1087913631166972,0.9018829269999938,0.5863661791235804,1.0,other
a_neutral_1,a,neutral,1,19,0.7916666666666666,28.667903023511236,13.661665992910537,12.250953171466074,4.732329849340163,2.098419258558063,0.8967393272404314,1.1151512704113653,0.4273404009152247,1.5,other
a_neutral_1,a,neutral,1,20,0.8333333333333334,21.092264641523247,9.345865328359492,11.401385418898581,5.122321102354096,2.25685518680865,1.2199389803212477,0.8197131300261175,0.5405481873413093,1.5,other
a_neutral_1,a,neutral,1,21,0.875,31.484239648481044,10.690771538014287,12.525290390056817,6.085298007849617,2.944992280166989,1.1715983589696348,0.8535348247495436,0.39782731074025157,1.5,other
a_neutral_2,a,neutral,2,0,0.0,19.716229696828783,9.209494457522341,9.147625386285208,3.273708174825523,2.1408590653664503,0.9932820339354678,1.0067634023721492,0.46396423286529975,2.0,other
a_neutral_2,a,neutral,2,1,0.041666666666666664,10.704361612011471,6.812171724718743,8.721199141729972,3.4705778722552267,1.5713581578058982,1.280237711871547,0.7811049391273793,0.8147332328481717,1.0,other
a_neutral_2,a,neutral,2,2,0.08333333333333333,14.363519720006757,6.812418291366014,9.993353702374202,6.715109725245387,2.1084318527843378,1.466931899211132,0.6816949038587049,0.695745464703515,1.5,other
a_neutral_2,a,neutral,2,3,0.125,11.58090121364334,9.329824049927879,13.167458496168978,9.465775224999115,1.241277558040643,1.4113297770359092,0.7085516200899632,1.1369977390582118,1.0,other
a_neutral_2,a,neutral,2,4,0.16666666666666666,20.135941411834978,7.755920227822658,10.647728656129978,6.063969971967961,2.596202748398793,1.3728517498070174,0.7284107698741474,0.5287921949291993,3.5,other
a_neutral_2,a,neutral,2,5,0.20833333333333334,16.69559966368533,6.840885011725941,9.285892011919415,4.328121535751039,2.4405613652425746,1.3574109192016084,0.7366965933854226,0.5561879895884901,1.5,other
a_neutral_2,a,neutral,2,6,0.25,35.69650386591908,9.667798890468017,10.726625821672993,4.721514443072608,3.6923093115966763,1.1095209926479674,0.9012898418563616,0.30049513705778186,1.5,other
a_neutral_2,a,neutral,2,7,0.2916666666666667,22.68290870796812,8.014151030484122,10.61192074091329,5.790647000560291,2.8303570299195977,1.3241478355658391,0.7552026844288703,0.4678377397509651,1.5,other
a_neutral_2,a,neutral,2,8,0.3333333333333333,16.519468511018886,7.720353548819898,9.118858740669612,4.849764464601537,2.1397295352547663,1.1811452264467193,0.8466359407880224,0.5520067872999129,1.5,other
a_neutral_2,a,neutral,2,9,0.375,20.018590056968307,7.169306146991665,7.968765890869218,3.1532551817168986,2.792263246474468,1.111511452780269,0.8996758400452458,0.39806828893503193,2.0,other
a_neutral_2,a,neutral,2,10,0.4166666666666667,14.301922573300217,7.078981025404152,8.513655361697673,3.783787029185858,2.0203363339971228,1.2026667865254819,0.8314855047165736,0.5952804819116789,1.0,other
a_neutral_2,a,neutral,2,11,0.4583333333333333,18.298693723608352,8.429182805668775,10.728347149408357,5.171237420859205,2.170873991640347,1.2727624251064236,0.7856925850999914,0.5862903282307528,2.0,other
a_neutral_2,a,neutral,2,12,0.5,32.6109757140847,10.411548295505302,11.865282099159685,6.590226119378883,3.1321927141386805,1.1396270528065422,0.8774800471235876,0.36384321043283174,2.0,other
a_neutral_2,a,neutral,2,13,0.5416666666666666,23.8647998577106,11.15317553992939,13.162568996675287,7.693652830486087,2.139731395087653,1.1801633489540342,0.847340328681016,0.5515474286461499,1.5,other
a_neutral_2,a,neutral,2,14,0.5833333333333334,21.54714980290278,10.530672228456739,10.743694823020578,4.675261129690631,2.0461324154289526,1.0202287745684642,0.9801723151976177,0.4986132700285591,2.0,other
a_neutral_2,a,neutral,2,15,0.625,23.289058215547975,9.866019147718461,11.375005717899278,5.765409615328117,2.3605324363204403,1.1529478655562688,0.8673419066676746,0.48842703782264696,1.5,other
a_neutral_2,a,neutral,2,16,0.6666666666666666,38.562785476471035,12.362152625732595,10.437209368774099,6.285534724521002,3.1194231817038225,0.8442873733049043,1.1844308367251417,0.2706549653977234,3.0,other
a_neutral_2,a,neutral,2,17,0.7083333333333334,18.324837260639065,10.144511982749783,10.010411802171562,4.3600724642268105,1.806379379491049,0.9867810121564988,1.0133960703344023,0.5462756181564287,1.5,other
a_neutral_2,a,neutral,2,18,0.75,27.25559247674033,11.833877661682092,10.316513041724535,4.334115544581364,2.3031835596030796,0.8717779021097405,1.147081151724489,0.37850995352709915,2.0,other
a_neutral_2,a,neutral,2,19,0.7916666666666666,24.79717395703689,8.73167108829185,9.168883483802398,3.466932580662757,2.8399115938170185,1.0500720184131533,0.9523156340373482,0.36975517854124146,2.0,other
a_neutral_2,a,neutral,2,20,0.8333333333333334,18.881767875518204,11.7390152442155,10.252637135946943,2.8799505027903582,1.6084626761876262,0.8733813631427915,1.1449751989229329,0.5429913768424379,1.0,other
a_neutral_2,a,neutral,2,21,0.875,13.452078042423327,10.922847411984637,9.888131292191348,2.7426459701956274,1.2315541483865826,0.9052704774894145,1.1046422310968307,0.7350634794867759,1.0,other
a_relaxed_1,a,relaxed,1,0,0.0,6.050169533942045,8.819737131352342,7.0074158873373,3.1284729620820206,0.6859807093836099,0.7945152766999579,1.2586290400274351,1.1582181041415467,1.0,other
a_relaxed_1,a,relaxed,1,1,0.041666666666666664,6.426749673415304,7.18022370131113,5.880681128690711,2.8160962871625355,0.8950625970388305,0.8190108516559005,1.2209850430896858,0.9150319255496376,1.0,other
a_relaxed_1,a,relaxed,1,2,0.08333333333333333,6.5477560980616625,8.574989898718574,6.209335290173689,2.1912338858811715,0.7635876164752269,0.7241215865573902,1.380983551055545,0.9483149948135429,1.0,other
a_relaxed_1,a,relaxed,1,3,0.125,5.248128858992471,10.395632153356146,5.427059804548197,1.6075764013531118,0.5048398001749375,0.5220519276257879,1.9155182599321998,1.0340942363198904,1.5,other
a_relaxed_1,a,relaxed,1,4,0.16666666666666666,3.744463153977472,7.635464050222412,4.810733251337352,2.4560804131507963,0.49040413645433906,0.6300511952770207,1.587172609934214,1.2847591372950908,1.5,other
a_relaxed_1,a,relaxed,1,5,0.20833333333333334,6.018258060934301,10.211766911880197,5.807890527723814,4.198122336728172,0.5893454201282994,0.5687449172940887,1.7582574711307992,0.9650451125424443,1.0,other
a_relaxed_1,a,relaxed,1,6,0.25,5.037595107450105,7.088106332713943,6.413792582817163,3.6473489715821783,0.7107109954318752,0.9048668687735961,1.105134948034225,1.2731854081190046,1.0,other
a_relaxed_1,a,relaxed,1,7,0.2916666666666667,4.829320576616962,6.542402684853867,5.196221782459695,2.339126000107722,0.7381570363739894,0.794237535162628,1.2590691773277123,1.0759736695922046,3.0,other
a_relaxed_1,a,relaxed,1,8,0.3333333333333333,5.591420686900122,6.497435271830401,4.4246039107618795,1.7046726039200566,0.8605581207005938,0.6809769894814848,1.468478400072561,0.7913201596739228,1.0,other
a_relaxed_1,a,relaxed,1,9,0.375,5.9733075493207926,15.807641829189922,4.738137292618335,1.6191689487872538,0.37787467693572485,0.29973713624185433,3.336256603162819,0.7932183724839507,11.0,alpha
a_relaxed_1,a,relaxed,1,10,0.4166666666666667,7.689020571925893,32.381844295193766,6.004767898247447,1.7970296098661827,0.23744850669506573,0.18543625383124634,5.3926887506584125,0.7809535482545099,10.5,alpha
a_relaxed_1,a,relaxed,1,11,0.4583333333333333,7.146249153275287,21.16636020526439,4.752725911671278,1.4389961676859797,0.33762295850459484,0.22454148306940389,4.453520063777741,0.6650658002167468,9.5,alpha
a_relaxed_1,a,relaxed,1,12,0.5,7.552174612965966,16.88673604094235,4.447684628578074,1.6381634239072929,0.4472252420275602,0.26338332154861316,3.7967476228954307,0.5889276740161777,10.5,alpha
a_relaxed_1,a,relaxed,1,13,0.5416666666666666,7.149894591799816,13.737685855839963,4.395438572071729,1.7648829976479856,0.5204584430615989,0.3199548030284303,3.1254414390245695,0.6147557164147341,10.5,alpha
a_relaxed_1,a,relaxed,1,14,0.5833333333333334,6.696193192164126,18.609040185832672,4.9468786030998295,2.6648368122509822,0.35983549529126346,0.26583201248960486,3.761774176987447,0.7387598387825278,11.0,alpha
a_relaxed_1,a,relaxed,1,15,0.625,4.723176421345968,8.445448600760692,5.917448794929719,2.854709725232013,0.5592570205116808,0.70066719657695,1.4272110994854832,1.2528536448874414,2.0,other
a_relaxed_1,a,relaxed,1,16,0.6666666666666666,4.956057849793838,21.77357859180811,5.795103138618169,1.8286184144200288,0.22761797418355748,0.26615299428999073,3.7572374591075834,1.1692969118306866,11.0,alpha
a_relaxed_1,a,relaxed,1,17,0.7083333333333334,4.890704094263603,14.37624937024173,4.557982067356123,1.3832152092936871,0.34019332638922967,0.31704945775293564,3.1540820384536383,0.9319684813281313,11.0,alpha
a_relaxed_1,a,relaxed,1,18,0.75,6.138958495032719,8.781553009871475,4.888670758070665,1.3495331519537046,0.6990743537198745,0.5566977449860221,1.7963068990428703,0.796335528579691,1.5,other
a_relaxed_1,a,relaxed,1,19,0.7916666666666666,6.734091083525172,20.02634396587692,5.220936357874519,1.499888076874421,0.3362616309297121,0.26070341979397355,3.835776303932919,0.7752993378196863,10.5,alpha
a_relaxed_1,a,relaxed,1,20,0.8333333333333334,5.530386932591993,17.907523408456242,4.789358125965766,1.6892299703181357,0.30883036176741496,0.2674494968804088,3.7390236723726358,0.8660077828805877,11.0,alpha
a_relaxed_1,a,relaxed,1,21,0.875,5.603081263419702,11.844285888437959,4.9403349358655735,1.7667518554503394,0.4730619740350293,0.4171070322346898,2.3974661722733535,0.8817175235560233,11.0,alpha
a_relaxed_2,a,relaxed,2,0,0.0,16.486063697975887,21.71663551676614,9.155401692370665,3.0107527225656714,0.7591444671642605,0.4215847194793281,2.3720024796796126,0.5553418851277846,1.5,other
a_relaxed_2,a,relaxed,2,1,0.041666666666666664,10.610038443482953,15.092892517179923,8.533468469896363,3.0555443817086707,0.70298244232547,0.5653964911088378,1.7686703326347701,0.804282521251175,1.5,other
a_relaxed_2,a,relaxed,2,2,0.08333333333333333,9.370973318967472,12.167708773078164,7.930280855225626,2.516885540221492,0.7701510196974266,0.6517480820030703,1.5343351635598508,0.8462601039717199,2.5,other
a_relaxed_2,a,relaxed,2,3,0.125,14.395828496412978,14.471679886168076,8.517314048300886,2.5571442811281786,0.9947586326983645,0.5885504734278756,1.6990896195796634,0.5916515364449606,1.0,other
a_relaxed_2,a,relaxed,2,4,0.16666666666666666,20.09383321581564,15.880813224803461,9.673122753081657,2.531887574965478,1.2652899402174234,0.6091075196309017,1.641746272654729,0.48139758348686035,1.5,other
a_relaxed_2,a,relaxed,2,5,0.20833333333333334,13.688092914335964,15.961436052794063,10.532983921976673,2.704084523902097,0.8575727690830082,0.6599020217941396,1.5153764755579975,0.7694997387799108,3.0,other
a_relaxed_2,a,relaxed,2,6,0.25,9.672576683563948,13.62820882558464,8.486981268681498,2.5055720108563637,0.70974673248368,0.6227510436110018,1.6057781199394423,0.8774271371870266,1.0,other
a_relaxed_2,a,relaxed,2,7,0.2916666666666667,14.673388208372431,8.691275426954109,11.70362021891629,2.861791198616121,1.6882894037468994,1.346594100863499,0.7426142735652513,0.7976085722477081,1.0,other
a_relaxed_2,a,relaxed,2,8,0.3333333333333333,14.34640215292173,12.76170531533993,11.234554672281837,3.387151501891302,1.1241759465858336,0.8803333406216163,1.1359333491719004,0.7830921336604142,1.5,other
a_relaxed_2,a,relaxed,2,9,0.375,18.46110448526365,13.65288080767855,9.732749284970579,3.2905669448754002,1.3521764926623323,0.7128714754102856,1.4027774072801282,0.5272029792550942,1.0,other
a_relaxed_2,a,relaxed,2,10,0.4166666666666667,16.58128039940008,14.26370078843608,10.468123458464774,2.9800867539900677,1.1624809469393047,0.7338995407805757,1.3625843108396005,0.6313217801228135,1.0,other
a_relaxed_2,a,relaxed,2,11,0.4583333333333333,13.402351198160973,18.87313369976149,10.744360823498887,2.8194747923382355,0.7101285568877386,0.5692939495063647,1.7565617917898142,0.8016773075587806,1.0,other
a_relaxed_2,a,relaxed,2,12,0.5,14.651209224837414,38.01495751574318,10.855539326524424,2.8560346232809515,0.3854064342639313,0.2855596858691426,3.5018948734179824,0.7409312883281748,10.5,alpha
a_relaxed_2,a,relaxed,2,13,0.5416666666666666,16.092305398729827,29.792223438386173,9.643668553361191,2.9256814450916755,0.5401512052972686,0.32369751030182203,3.089303958710032,0.5992720318446336,10.5,alpha
a_relaxed_2,a,relaxed,2,14,0.5833333333333334,14.8859293929868,23.40647619523846,9.425776068667677,2.764732021405782,0.6359748160645821,0.4026994918006986,2.4832412763384206,0.6332003746510069,10.5,alpha
a_relaxed_2,a,relaxed,2,15,0.625,15.52983276481015,19.689427214215314,10.227954300120773,2.5876473558656303,0.7887396924171551,0.5194642885668317,1.9250601475588152,0.6586004147640806,1.0,other
a_relaxed_2,a,relaxed,2,16,0.6666666666666666,12.98558678866182,15.826004588614587,9.683741431007542,2.534551155109856,0.8205221169974766,0.6118879453614047,1.6342861590603184,0.7457299842208719,1.0,other
a_relaxed_2,a,relaxed,2,17,0.7083333333333334,15.571192220540144,9.989814721241308,9.477433872601765,2.675724490296808,1.5587068083886655,0.9487096745097715,1.0540632470273184,0.6086517806966617,1.0,other
a_relaxed_2,a,relaxed,2,18,0.75,17.616547562461896,20.5002538083028,10.554958351356365,3.1579488203374213,0.8593331442231718,0.5148696425934739,1.9422391946879085,0.5991502202081485,1.0,other
a_relaxed_2,a,relaxed,2,19,0.7916666666666666,18.63488279193389,17.377215720154798,10.969165619283782,3.472364800292652,1.072374486916244,0.6312383868585633,1.5841875602284343,0.5886361476892028,1.5,other
a_relaxed_2,a,relaxed,2,20,0.8333333333333334,17.968316583225825,13.060878833157442,12.039313161300452,3.9054896060895974,1.3757356463341464,0.9217843083220741,1.0848524876934627,0.6700301113650042,1.0,other
a_relaxed_2,a,relaxed,2,21,0.875,28.017058209682986,9.798830307274162,12.810490714932644,3.8270477019641915,2.8592247575595344,1.3073489705626167,0.7649067100803627,0.45723896559936494,1.0,other
b_concentrating_1,b,concentrating,1,0,0.0,277.2338423016744,34.07926765204153,225.89372313295053,152.64472795298178,8.13497065524724,6.628479386335002,0.15086416381735432,0.8148129436778586,1.0,other
b_concentrating_1,b,concentrating,1,1,0.041666666666666664,304.3483469377015,27.629926275581695,261.01614403315324,152.1358340821832,11.015170431586467,9.446863572119975,0.10585523887009936,0.8576230055443077,1.0,other
b_concentrating_1,b,concentrating,1,2,0.08333333333333333,132.89278156385598,16.50589966093948,268.3100224632889,165.96128690601412,8.051229214626888,16.25540127923068,0.061518013786450616,2.0189962111250104,1.0,other
b_concentrating_1,b,concentrating,1,3,0.125,366.3516211177631,155.38115290361378,833.8866850300658,966.3136807955744,2.35776099141843,5.36671706604818,0.1863336538321289,2.2761921524622224,1.0,other
b_concentrating_1,b,concentrating,1,4,0.16666666666666666,356.3212674048412,360.47791536756495,1297.2162756291395,1506.0342342836057,0.9884690634695737,3.5986012466434176,0.27788574822863366,3.640580549898198,1.5,other
b_concentrating_1,b,concentrating,1,5,0.20833333333333334,138.43821909178763,21.344604814057163,149.26519427775236,115.92019458540223,6.485864709034799,6.993111166876655,0.14299786978027287,1.0782079923954107,1.0,other
b_concentrating_1,b,concentrating,1,6,0.25,156.65519154199336,15.96009536474082,182.1655004145092,130.74564394145807,9.815429542362095,11.413810271895418,0.08761316126502745,1.1628436863241618,3.0,other
b_concentrating_1,b,concentrating,1,7,0.2916666666666667,453.6007079357697,18.329665378206233,241.9950418643342,173.38759966986166,24.746807897273232,13.202370958286211,0.07574397077309583,0.5334979369093069,2.5,other
b_concentrating_1,b,concentrating,1,8,0.3333333333333333,224.9384486439457,28.560817433319002,281.3362397405831,177.5399824149371,7.875770683703641,9.85042673927031,0.10151844447645494,1.2507254381660171,2.0,other
b_concentrating_1,b,concentrating,1,9,0.375,219.267549003936,112.90544947071857,659.5626813656094,545.2731091640079,1.9420457562661924,5.84172583748195,0.171182288902323,3.0080268802282717,1.5,other
b_concentrating_1,b,concentrating,1,10,0.4166666666666667,247.83656979933158,205.1556274478756,782.4595106956878,536.6238151431348,1.2080417821456058,3.8139802472368896,0.2621932823916613,3.1571592171777954,1.0,other
b_concentrating_1,b,concentrating,1,11,0.4583333333333333,229.16585273034826,132.697624074239,651.0818757286754,442.6993642134484,1.7269778138766008,4.906507409389796,0.20381096298484266,2.841094639412886,1.0,other
b_concentrating_1,b,concentrating,1,12,0.5,564.3399973379012,116.48032655203565,591.513317461659,287.2307698559809,4.844938317423,5.078225095783967,0.19691919541538594,1.048150618867951,2.0,other
b_concentrating_1,b,concentrating,1,13,0.5416666666666666,561.3492064188741,98.09951344713744,548.3727286522432,248.57107212150143,5.72224251368348,5.589963796790317,0.17889203514594973,0.97688341300166,1.0,other
b_concentrating_1,b,concentrating,1,14,0.5833333333333334,224.36232841174854,48.44492468128147,482.8839802814296,238.77702339175408,4.631286556596494,9.967689772629786,0.10032414960845726,2.1522507084845524,1.5,other
b_concentrating_1,b,concentrating,1,15,0.625,322.1179228839856,81.0345897038075,618.0558718948587,305.0981130086443,3.9750669937537864,7.627062395872397,0.13111207803166505,1.9187254976726595,1.0,other
b_concentrating_2,b,concentrating,2,0,0.0,207.19927285081405,42.46175198135018,593.9894053792652,277.92550594966923,4.879668482398441,13.98881058040549,0.07148570596850652,2.8667542950642724,1.0,other
b_concentrating_2,b,concentrating,2,1,0.041666666666666664,106.91465018773444,77.37527508371844,673.4932317474736,367.55663682889855,1.381767626312863,8.704243455273897,0.11488649244916288,6.299354022716886,1.0,other
b_concentrating_2,b,concentrating,2,2,0.08333333333333333,174.67156804981843,86.11723965517304,699.3741824728197,394.09645559123175,2.028299661591928,8.121186713290205,0.12313471359592242,4.003938307082408,1.0,other
b_concentrating_2,b,concentrating,2,3,0.125,319.31555926039925,61.36329849847623,579.819732514585,257.8285977643814,5.203689616983814,9.448966185039467,0.10583168363786702,1.815820481336917,1.0,other
b_concentrating_2,b,concentrating,2,4,0.16666666666666666,94.17251978376126,62.83676764738872,571.0474707411671,306.349047747714,1.4986849787088745,9.087791942857804,0.11003773042866712,6.063844017898269,1.5,other
b_concentrating_2,b,concentrating,2,5,0.20833333333333334,141.16387817270427,65.22979225136228,823.7634675857603,407.17500673997836,2.1641012994297273,12.62863852779719,0.07918509962882196,5.8355117346517105,1.0,other
b_concentrating_2,b,concentrating,2,6,0.25,201.9140787279009,68.54158312048189,781.2055126189784,399.0076571636861,2.9458624901175363,11.397541128365553,0.08773822254619962,3.868999712851771,1.0,other
b_concentrating_2,b,concentrating,2,7,0.2916666666666667,112.63026391967105,36.15643618817213,591.7580055714996,266.6675630719501,3.1150820101156937,16.366602131132648,0.06110003725805701,5.253987560515235,1.5,other
b_concentrating_2,b,concentrating,2,8,0.3333333333333333,147.56458069417698,47.94686276897704,712.3096299516181,259.20785202414913,3.0776691564824423,14.856230185147846,0.06731182726286279,4.827104353909003,1.5,other
b_concentrating_2,b,concentrating,2,9,0.375,143.0845193005665,41.76565954145744,664.5096151728742,265.5904935891909,3.42588913646959,15.910430302513683,0.06285185133189078,4.6441754734975245,1.5,other
b_concentrating_2,b,concentrating,2,10,0.4166666666666667,128.1140476779323,39.205836422159635,664.7583133679709,243.95033980162148,3.2677289753094163,16.95559574880645,0.05897757972145525,5.18880111445012,1.0,other
b_concentrating_2,b,concentrating,2,11,0.4583333333333333,55.75463736476876,30.93086311306372,684.0468435222376,290.18678800483025,1.802556791285293,22.115349352580107,0.045217463403232835,12.268877995689115,1.0,other
b_concentrating_2,b,concentrating,2,12,0.5,63.09946131507059,56.50118563307395,784.6491418756923,257.3685256154933,1.1167811897762057,13.887304011128295,0.07200821694395625,12.435116330989782,1.0,other
b_concentrating_2,b,concentrating,2,13,0.5416666666666666,144.33322466068793,109.16066171722642,818.0356007508163,411.5943326391217,1.3222091400890712,7.493868101220238,0.13344243406648276,5.667687413441577,0.5,other
b_concentrating_2,b,concentrating,2,14,0.5833333333333334,243.0126943102247,138.15458367016564,701.3482629684912,376.8001416400115,1.7589911811424255,5.0765471860340945,0.19698428151146982,2.88605607603842,1.0,other
b_concentrating_2,b,concentrating,2,15,0.625,265.33226079767184,61.76827824358715,570.2620051262845,244.94811226349916,4.295607200694783,9.232279437633341,0.10831561227704196,2.149237350226084,0.5,other
b_neutral_1,b,neutral,1,0,0.0,23.387539062858355,9.403169347518842,12.799883757109535,6.308355722266899,2.4871974755011177,1.361230802515214,0.7346292767929216,0.5472950241882,1.0,other
b_neutral_1,b,neutral,1,1,0.041666666666666664,28.058635524613273,11.357055533375233,13.712638023811222,6.629148684145539,2.470590677500584,1.207411373794342,0.8282181381623541,0.488713644388815,1.5,other
b_neutral_1,b,neutral,1,2,0.08333333333333333,30.292232606393476,12.716284145525194,16.71857033806218,8.000694219813145,2.3821607208307927,1.3147370840990034,0.7606083467899634,0.5519094797434494,1.5,other
b_neutral_1,b,neutral,1,3,0.125,37.06902696238455,10.966375113385837,12.767377065851694,5.684731344608389,3.3802442994255366,1.164229468155572,0.8589372003993747,0.34442169412235374,2.0,other
b_neutral_1,b,neutral,1,4,0.16666666666666666,38.17032151607155,12.61808434377118,12.724473228877242,5.043181075531576,3.0250488486324025,1.0084314609260463,0.9916390342301463,0.3333603890006434,2.0,other
b_neutral_1,b,neutral,1,5,0.20833333333333334,67.4558476114234,20.629075706842826,15.465578527549765,6.000089985993209,3.2699403778448377,0.7496980837788922,1.3338702894363126,0.22926964933623822,2.0,other
b_neutral_1,b,neutral,1,6,0.25,76.48178037929371,20.264849954131982,18.600054152703468,7.550512079703489,3.774110371031844,0.9178481061938945,1.0895048900267068,0.24319588352233432,2.0,other
b_neutral_1,b,neutral,1,7,0.2916666666666667,104.89067728055134,20.934932041469025,19.557552347619733,9.504328529391524,5.010318498898316,0.9342066317138787,1.0704269976818919,0.18645653603045295,1.5,other
b_neutral_1,b,neutral,1,8,0.3333333333333333,59.44391726408525,20.715532358812435,18.39287275107223,6.56341265018098,2.86953365399744,0.8878783529426343,1.1262804152007633,0.3094155566726894,1.5,other
b_neutral_1,b,neutral,1,9,0.375,75.67573132034158,21.060836297756452,17.082829548502424,7.125186199655758,3.5931968821391527,0.8111182911726162,1.2328657988396754,0.22573722447675337,1.5,other
b_neutral_1,b,neutral,1,10,0.4166666666666667,41.947749299363906,14.593267959422631,14.784805134073732,8.480871129395792,2.8744589228404416,1.0131250365020146,0.9870449983672983,0.35245764983862743,2.0,other
b_neutral_1,b,neutral,1,11,0.4583333333333333,24.10751557130817,10.409697674285583,12.499861005408608,5.329869368260397,2.315870866342203,1.2007900129785922,0.8327850741525346,0.5185047363522377,1.5,other
b_neutral_1,b,neutral,1,12,0.5,27.535522295045638,12.35039562530096,16.125698146768848,7.118367277887444,2.229525525371552,1.3056827194858294,0.7658828481652836,0.5856325503464405,1.0,other
b_neutral_1,b,neutral,1,13,0.5416666666666666,36.489028110050434,14.375930041278247,15.295390951409022,8.423538532959064,2.538202954889031,1.063958360084578,0.9398864067579735,0.41917781162266976,2.0,other
b_neutral_1,b,neutral,1,14,0.5833333333333334,36.722547535156785,12.739264734578864,15.315296980990318,7.442820375709475,2.88262692551469,1.2022120036032529,0.8318000460840634,0.41705431700586754,1.5,other
b_neutral_1,b,neutral,1,15,0.625,36.99425860650663,13.361958431402789,15.521969134546756,6.757853526388762,2.768625482291882,1.1616537511498006,0.8608417086504508,0.4195777863707943,1.0,other
b_neutral_1,b,neutral,1,16,0.6666666666666666,24.465794148137643,12.119007415984758,12.702378750964328,5.145256344689544,2.018795212210836,1.0481368906673094,0.9540738513299895,0.5191893087161956,1.0,other
b_neutral_1,b,neutral,1,17,0.7083333333333334,28.866491144009135,12.076328879398897,14.293878420663491,4.355061900219237,2.390336619040966,1.1836277865078293,0.8448601928739744,0.49517200928073307,1.5,other
b_neutral_1,b,neutral,1,18,0.75,28.174165141877403,10.388425502255696,12.981622330296485,3.423277148825854,2.7120726943423517,1.2496236631314066,0.8002409281320109,0.46076333637304173,1.0,other
b_neutral_1,b,neutral,1,19,0.7916666666666666,20.33979049238894,10.426447459567147,10.548363853442071,2.900501882334768,1.9507881827693345,1.0116929946031672,0.9884421512597765,0.5186073011612004,1.0,other
b_neutral_1,b,neutral,1,20,0.8333333333333334,14.781501701750217,11.05013529842947,8.830803667650532,3.0433610947909453,1.3376760829210008,0.799157967677159,1.251317061765161,0.5974226330877405,1.5,other
b_neutral_1,b,neutral,1,21,0.875,14.303653841000083,6.914421957766818,10.445278175460983,3.3068462934997482,2.0686695038813916,1.5106509610290753,0.6619662819522433,0.7302524439958532,2.0,other
b_neutral_2,b,neutral,2,0,0.0,59.05749156146261,15.351578174467143,14.518588187910739,8.96555023902464,3.8469980669275725,0.9457391300692564,1.0573740349802065,0.24583821296915193,1.5,other
b_neutral_2,b,neutral,2,1,0.041666666666666664,86.99520259029013,21.962289974288296,19.807188971637757,10.769349070997896,3.961117109925113,0.9018726642270201,1.1088039805010426,0.22768139370766305,0.5,other
b_neutral_2,b,neutral,2,2,0.08333333333333333,56.678897451528734,12.434300920313715,17.01390183104614,8.795456329081246,4.558269726200155,1.368303850781897,0.7308318246919826,0.30018053624977925,0.5,other
b_neutral_2,b,neutral,2,3,0.125,15.957975014091797,9.172023977590644,9.988189087358084,3.321852406937291,1.7398531723293338,1.088984188414849,0.9182869784873768,0.6259057981064606,1.0,other
b_neutral_2,b,neutral,2,4,0.16666666666666666,15.94068250599095,7.08913473857416,8.804955836018364,2.6955858302532762,2.2486076360282445,1.2420353344545554,0.805130073404195,0.5523575187391894,1.5,other
b_neutral_2,b,neutral,2,5,0.20833333333333334,16.33296153648661,6.369269476262247,8.942167037273087,2.6082308959789797,2.5643382804508805,1.403954891624514,0.712273596513419,0.5474920771286308,1.0,other
b_neutral_2,b,neutral,2,6,0.25,16.211251119201414,7.9719327761913,10.488321258345639,3.0767865285755684,2.0335408707430873,1.3156560087498101,0.7600770971663335,0.6469779032614422,1.5,other
b_neutral_2,b,neutral,2,7,0.2916666666666667,23.330930456793272,8.379340644162017,8.551587828241813,2.7095472964151237,2.784339657207778,1.0205561739753117,0.9798578711299737,0.3665343670745821,1.5,other
b_neutral_2,b,neutral,2,8,0.3333333333333333,15.005910246998631,6.3089053080992805,7.924228926836723,2.425679286987118,2.37852836810441,1.2560386532769343,0.7961538423925538,0.5280738586599015,1.5,other
b_neutral_2,b,neutral,2,9,0.375,19.92206274214648,7.861431536859062,8.775647924195908,2.7076034106211138,2.5341520369082926,1.1162913374047025,0.8958234884496447,0.44049896026230395,1.5,other
b_neutral_2,b,neutral,2,10,0.4166666666666667,38.00858040917628,8.946108376349878,12.214795982290562,4.258319761168823,4.248616136783741,1.3653753641730806,0.7323993285946206,0.32136943423810654,1.5,other
b_neutral_2,b,neutral,2,11,0.4583333333333333,23.020050036599805,7.79706199488635,11.177994236547564,4.754601709587732,2.95240053903603,1.4336161805406413,0.6975367700041463,0.48557645264782484,2.0,other
b_neutral_2,b,neutral,2,12,0.5,28.6042408887096,9.794875960761066,10.363492857887456,4.776487420945782,2.9203270162174713,1.0580524857491107,0.9451326975447639,0.36230616635514484,2.0,other
b_neutral_2,b,neutral,2,13,0.5416666666666666,39.04947736266264,15.589930876440548,13.544314124974026,7.007986129162607,2.504788358085287,0.868786028130641,1.1510314020031962,0.3468500743091761,1.5,other
b_neutral_2,b,neutral,2,14,0.5833333333333334,36.779347753447226,11.791913044418417,17.865467770868456,13.989447140335411,3.1190314595184674,1.5150610171201098,0.6600394232971826,0.48574727019714414,2.0,other
b_neutral_2,b,neutral,2,15,0.625,35.3098428398931,11.56961518879175,16.112234848370527,13.46111644033645,3.051946176576389,1.3926335997743047,0.7180639618073725,0.4563100130869715,2.0,other
b_neutral_2,b,neutral,2,16,0.6666666666666666,28.135772877379353,9.386364744868395,13.052236433783527,7.476815904540158,2.997515400492125,1.3905528698870662,0.7191384244751622,0.46390182671247276,1.5,other
b_neutral_2,b,neutral,2,17,0.7083333333333334,24.325721516452226,10.387960753747956,23.49862724126607,11.202458669377771,2.341722508691184,2.2621020427698295,0.44206670658214453,0.9659991883641862,1.0,other
b_neutral_2,b,neutral,2,18,0.75,48.64376904090939,16.077355971510244,27.540346424299223,11.62134387659714,3.025607514513469,1.7129897772433405,0.5837746455260626,0.5661639089096447,1.0,other
b_neutral_2,b,neutral,2,19,0.7916666666666666,21.91188694598902,8.189469900250886,8.067179083649723,3.8620260205945867,2.675617251529033,0.9850673098392587,1.0151590556417693,0.36816450831161407,2.0,other
b_neutral_2,b,neutral,2,20,0.8333333333333334,9.044920184537911,5.599872178747814,7.386772878191314,2.5344890210086586,1.615201185995721,1.3190966940683042,0.758094538858892,0.8166764026087081,1.5,other
b_neutral_2,b,neutral,2,21,0.875,24.321443671844428,10.712503772648052,8.46689120917124,2.9864648918883967,2.2703790064413996,0.7903746303258745,1.2652227964195866,0.34812453254873543,2.5,other
b_relaxed_1,b,relaxed,1,0,0.0,11.253209398901749,10.268813333624538,8.85520774843463,3.067784748574432,1.0958626896112595,0.8623399277732363,1.159635507754157,0.7869050894315403,1.5,other
b_relaxed_1,b,relaxed,1,1,0.041666666666666664,9.835917391608302,10.597229791299167,9.027031503119904,2.8184883290766933,0.9281593006206263,0.8518293630408514,1.1739440354934592,0.9177620290733111,1.5,other
b_relaxed_1,b,relaxed,1,2,0.08333333333333333,11.342008718829685,9.951028058666736,9.757409484849067,3.097596182601846,1.1397826085870082,0.9805428572127239,1.0198432354528437,0.8602893655556876,1.5,other
b_relaxed_1,b,relaxed,1,3,0.125,10.087157013091495,9.427033411618677,8.943350236727571,2.933654057549415,1.0700245318595378,0.9486918997979817,1.0540829959789306,0.886607616508849,1.5,other
b_relaxed_1,b,relaxed,1,4,0.16666666666666666,10.331358214751036,9.733244201427155,9.727361458470215,3.1614601949292775,1.0614506325893047,0.9993956030656174,1.000604762450954,0.9415375264581921,1.0,other
b_relaxed_1,b,relaxed,1,5,0.20833333333333334,12.03924125156145,12.095411108617906,10.46523453870562,3.2207919086607864,0.995356101867721,0.8652235500494236,1.1557706675261874,0.8692603063626051,1.0,other
b_relaxed_1,b,relaxed,1,6,0.25,13.335801387350205,15.716602171473117,9.975631389373591,3.265097633045043,0.8485168258286607,0.6347193420394744,1.575499490509946,0.7480338900994781,1.0,other
b_relaxed_1,b,relaxed,1,7,0.2916666666666667,10.533312425598432,12.635396505831206,8.282186690581213,2.4893974279861695,0.833635289619707,0.6554750131314837,1.525611167422803,0.78628510728055,1.0,other
b_relaxed_1,b,relaxed,1,8,0.3333333333333333,8.68822220812024,8.749153900734646,7.253718246515533,2.505061101625851,0.9930357045600388,0.8290765402933941,1.2061612546003526,0.8348909676522797,1.0,other
b_relaxed_1,b,relaxed,1,9,0.375,9.265587983470564,7.382373680794929,7.929214119812995,2.228728984185815,1.2550960414771162,1.0740737955924202,0.9310347241536009,0.8557702041099167,1.0,other
b_relaxed_1,b,relaxed,1,10,0.4166666666666667,9.037612431525751,5.62492128216959,7.538138150940885,2.021411596314172,1.606709139232585,1.3401322032427352,0.7461950377584293,0.8340851312284342,1.0,other
b_relaxed_1,b,relaxed,1,11,0.4583333333333333,8.857929881220953,7.578303300105988,7.999635625875927,2.733492948627994,1.1688539677604441,1.0555971843676468,0.9473310603789151,0.9031044197849621,1.0,other
b_relaxed_1,b,relaxed,1,12,0.5,9.265025091716819,13.197397667268334,7.879941944410194,3.090686512978558,0.7020342438188075,0.5970830115965753,1.6748089973721432,0.8505041126607498,1.5,other
b_relaxed_1,b,relaxed,1,13,0.5416666666666666,10.934140767893126,19.280847409562142,9.064487139049632,3.2760641228624885,0.5670985582547813,0.47012908439668427,2.1270753782087275,0.8290077228259652,11.0,alpha
b_relaxed_1,b,relaxed,1,14,0.5833333333333334,10.011188878178206,22.041644089857822,9.246637701549579,3.2953782298863623,0.45419428956230745,0.4195076222015716,2.3837469144231767,0.9236303314289525,11.0,alpha
b_relaxed_1,b,relaxed,1,15,0.625,12.68801220746689,13.037320663144017,8.433484408089198,3.1761393544087206,0.9732070365758044,0.6468725151426489,1.545899658110345,0.664681296817014,1.0,other
b_relaxed_1,b,relaxed,1,16,0.6666666666666666,9.364235133300783,9.233977403873803,7.985250524803531,3.119296689638735,1.014106351329421,0.8647682548425545,1.1563791737267999,0.8527392158711017,1.0,other
b_relaxed_1,b,relaxed,1,17,0.7083333333333334,10.59019894271816,16.681360416396643,8.515409697409272,2.990236223183719,0.6348522349717182,0.5104745347411356,1.9589615777937004,0.804084016123652,1.0,other
b_relaxed_1,b,relaxed,1,18,0.75,14.30639115784175,22.304898289421516,10.142494976311808,2.283143465458421,0.6414013178722632,0.4547205212373491,2.1991530034291835,0.708948529675313,1.0,other
b_relaxed_1,b,relaxed,1,19,0.7916666666666666,8.612614951571345,18.947709714326802,9.67226560591784,2.417286429973043,0.45454649038976713,0.5104714897866741,1.958973262968907,1.1230347182946063,1.0,other
b_relaxed_1,b,relaxed,1,20,0.8333333333333334,9.18043634619835,23.175139351937663,9.802958314781502,2.4810987156288835,0.39613295121052977,0.42299457905791976,2.3640964908514164,1.0678096274629627,1.0,other
b_relaxed_1,b,relaxed,1,21,0.875,13.04329656884153,20.895364022232826,8.796877961855184,2.4251544705849803,0.6242196381438181,0.42099663602391607,2.375315891937891,0.6744367051248071,1.5,other
b_relaxed_2,b,relaxed,2,0,0.0,13.877732480338134,9.804231944775958,9.103722643652942,3.6671412873226488,1.4154839010854574,0.9285503132658676,1.0769475662366985,0.6559949657878927,1.0,other
b_relaxed_2,b,relaxed,2,1,0.041666666666666664,14.970475123724565,19.338717666080694,10.025754036604205,4.092556189628557,0.7741193279832693,0.5184291021627023,1.9289040600312648,0.6697017932794812,1.5,other
b_relaxed_2,b,relaxed,2,2,0.08333333333333333,19.960685398837256,24.423202457004486,13.623188532685162,3.9659294193298833,0.8172837052788957,0.5577969783720186,1.7927669721671697,0.6825010394421995,1.5,other
b_relaxed_2,b,relaxed,2,3,0.125,28.10978238255581,13.971912717709847,13.823816944170126,4.577305630743064,2.011877897499729,0.9894004653098065,1.0107130884427817,0.49177957893935254,1.0,other
b_relaxed_2,b,relaxed,2,4,0.16666666666666666,17.885962926852052,10.262839220701235,9.742925195086054,3.707168855950436,1.7427889633868734,0.9493401373212143,1.0533632369339554,0.5447246667641852,1.0,other
b_relaxed_2,b,relaxed,2,5,0.20833333333333334,14.383460727927032,10.437798832014561,9.999924697834063,2.900724262905681,1.3780166641850227,0.9580491882218057,1.04378774314924,0.6952377377732284,1.0,other
b_relaxed_2,b,relaxed,2,6,0.25,15.716401222363164,9.172528714235105,11.015362560012107,3.5877138178406653,1.7134207710870875,1.2009079396957414,0.8327032963520561,0.7008832622787805,1.0,other
b_relaxed_2,b,relaxed,2,7,0.2916666666666667,15.705938998990025,8.597142764106648,11.139541915511291,3.341429911648328,1.826878932912785,1.2957260593623317,0.7717680699361191,0.709256665025098,1.0,other
b_relaxed_2,b,relaxed,2,8,0.3333333333333333,21.245605566253012,9.11280349062918,12.868299077842446,4.199057560761272,2.3314017018034194,1.4121119906815827,0.708159130861378,0.6056922707010401,1.0,other
b_relaxed_2,b,relaxed,2,9,0.375,21.99692427463327,10.917504224227184,12.348973149221107,3.832893317780503,2.0148308462129645,1.1311168647700023,0.8840819469200796,0.5613954476109133,1.5,other
b_relaxed_2,b,relaxed,2,10,0.4166666666666667,18.101653845926073,8.56398168245071,11.090517735501376,3.5900124755159073,2.1136960022952804,1.295018852997787,0.7721895304343565,0.6126798042819379,1.5,other
b_relaxed_2,b,relaxed,2,11,0.4583333333333333,18.116618170151074,8.708223850610391,10.382449960737315,3.104661361849083,2.0804033613446,1.1922580469735595,0.8387446010856547,0.573089848404678,2.5,other
b_relaxed_2,b,relaxed,2,12,0.5,7.974309095916283,7.1003497497136046,10.287409985396659,3.5151090277200967,1.123086802342086,1.448859612276368,0.6901979953936707,1.290069128454644,1.0,other
b_relaxed_2,b,relaxed,2,13,0.5416666666666666,17.842354705265734,7.37670640255961,10.04749183430329,3.4483650580310927,2.418742692412795,1.362056626086807,0.7341838664028258,0.5631258878256702,2.0,other
b_relaxed_2,b,relaxed,2,14,0.5833333333333334,24.180456654242597,9.773745027204818,10.7467070243613,4.063401615859135,2.4740216352009683,1.099548534819384,0.9094641740068924,0.4444377200161656,1.0,other
c_concentrating_1,c,concentrating,1,0,0.0,72.7950668910033,31.524699828826492,68.5376735971857,25.372720183307614,2.3091438550174166,2.1740944075386306,0.4599616265662242,0.9415153598224969,1.5,other
c_concentrating_1,c,concentrating,1,1,0.041666666666666664,62.45207292143622,35.745755131296534,71.85588042609636,24.233523947060537,1.7471185793123016,2.010193382743348,0.4974645765848068,1.1505763870558787,1.5,other
c_concentrating_1,c,concentrating,1,2,0.08333333333333333,88.68716364257709,33.773108467855714,50.83940160660941,28.744931474834875,2.6259698223214194,1.505321953263405,0.6643097164909396,0.5732441936185941,1.5,other
c_concentrating_1,c,concentrating,1,3,0.125,47.54592496951664,21.621228393526003,45.11537609026173,25.53407650067349,2.1990390233217836,2.0866240931884574,0.4792430046525314,0.9488799748703338,2.0,other
c_concentrating_1,c,concentrating,1,4,0.16666666666666666,100.48232351448017,48.171837445648904,59.37181250357661,23.00137232816331,2.0859142777738526,1.232500474381206,0.8113587140824947,0.5908682286294936,1.0,other
c_concentrating_1,c,concentrating,1,5,0.20833333333333334,94.10305960343538,45.87879692187215,61.080403524671695,23.86438467797089,2.0511230877236213,1.3313427470359922,0.7511213789434236,0.649079889453901,1.5,other
c_concentrating_1,c,concentrating,1,6,0.25,34.07362278714619,18.761743593352037,43.007069020617536,20.709863835760665,1.8161223991580242,2.2922746389017115,0.436247901114993,1.2621806988143733,2.5,other
c_concentrating_1,c,concentrating,1,7,0.2916666666666667,14.060097617188692,9.659687877796026,43.626538091780645,21.071408145638372,1.4555436775040678,4.516350698252019,0.22141770354260443,3.1028616784599357,2.0,other
c_concentrating_1,c,concentrating,1,8,0.3333333333333333,20.18579571511089,10.822164589944364,45.68380623855171,21.311775386911147,1.8652271962179299,4.221318744403477,0.2368927959599772,2.2631659847995618,1.5,other
c_concentrating_1,c,concentrating,1,9,0.375,20.416527309659283,12.574457178337674,47.390115696594535,22.816822193430784,1.6236507882687243,3.7687603547797397,0.26533923780315394,2.3211643673688696,0.5,other
c_concentrating_1,c,concentrating,1,10,0.4166666666666667,155.50580844724587,61.749628341620216,159.90940442946743,82.21613620087636,2.5183278446136415,2.5896415690924246,0.38615382604877774,1.0283178874550878,1.0,other
c_concentrating_1,c,concentrating,1,11,0.4583333333333333,212.4258800202985,107.3017957446866,501.37214114159747,211.3516976821474,1.9797047994028327,4.672541942676896,0.21401627043011637,2.3602215563079625,1.0,other
c_concentrating_1,c,concentrating,1,12,0.5,196.16108448261005,74.9263051441129,527.3464759657792,211.9174470624641,2.618053620892085,7.038202070040468,0.1420817404855002,2.6883338117583113,21.5,beta
c_concentrating_1,c,concentrating,1,13,0.5416666666666666,261.7590645737694,50.492368350474464,403.8084272741551,139.43860866227627,5.184131248446573,7.997415064218524,0.12504040267637603,1.5426721818848534,0.5,other
c_concentrating_1,c,concentrating,1,14,0.5833333333333334,176.7459110656059,47.16815809024646,241.16816681022382,97.76133817707566,3.7471446463404265,5.112944337338734,0.1955820235900506,1.3644907842914973,0.5,other
c_concentrating_1,c,concentrating,1,15,0.625,92.18262546017777,33.71684538244815,138.87718460008733,54.63289439239558,2.734022842723149,4.118925807702701,0.24278174618487294,1.5065440358940663,1.5,other
c_concentrating_1,c,concentrating,1,16,0.6666666666666666,53.070607439291194,21.502885295683463,82.70839895992061,39.92055156655188,2.4680691316315913,3.84638609296417,0.2599843010635894,1.5584596248409788,1.0,other
c_concentrating_1,c,concentrating,1,17,0.7083333333333334,48.83037835112096,13.725096821484964,64.8665825706949,37.53242750362744,3.5577438167636797,4.726129324578183,0.21158963949621756,1.3284063069154124,2.0,other
c_concentrating_1,c,concentrating,1,18,0.75,118.7028205425294,54.528184092977305,173.82436686111492,110.18613039425937,2.1769076399119838,3.1877893928160685,0.31369700967497344,1.4643659355915333,1.0,other
c_concentrating_1,c,concentrating,1,19,0.7916666666666666,104.76220414872141,39.768713587363486,90.36006462656836,51.76452843960756,2.6342869733158683,2.2721394904581547,0.440113824084964,0.8625254247065322,1.0,other
c_concentrating_1,c,concentrating,1,20,0.8333333333333334,35.80155304767108,16.548002223722758,51.018932910141615,21.716544971557717,2.1634969927878642,3.083087143715891,0.3243502221590629,1.4250480375029553,1.0,other
c_concentrating_1,c,concentrating,1,21,0.875,25.042476770671897,16.122632587863244,59.05667630920502,21.200392324318493,1.5532498575650302,3.662967321705362,0.27300270850749264,2.3582602012580605,1.5,other
c_concentrating_2,c,concentrating,2,0,0.0,32.735600565976895,17.2251674506802,47.08621169087528,20.950947996955826,1.9004518045880714,2.733570621341966,0.36582190055476943,1.4383793447129671,1.5,other
c_concentrating_2,c,concentrating,2,1,0.041666666666666664,35.20477373163513,15.767730043759782,41.394127283665235,18.65249106218985,2.232710328876269,2.6252432765391824,0.38091707878527914,1.175810064828462,2.5,other
c_concentrating_2,c,concentrating,2,2,0.08333333333333333,247.23714141599672,124.34244678446204,256.93501890778805,75.66652015187701,1.9883567342418722,2.0663500321267194,0.4839451130991512,1.039225002506698,1.0,other
c_concentrating_2,c,concentrating,2,3,0.125,413.8880292670454,99.77771208971872,296.8242017588099,90.1024226346219,4.148101019743598,2.974854760068158,0.3361508647155227,0.7171606346877345,0.5,other
c_concentrating_2,c,concentrating,2,4,0.16666666666666666,42.873786192744674,19.259383264047116,42.99877728779916,21.759283049508305,2.2261245650986274,2.2326144455553822,0.44790537031181904,1.0029153267335096,1.5,other
c_concentrating_2,c,concentrating,2,5,0.20833333333333334,105.10090338653018,37.27432958308029,56.95620016009754,38.63682194386,2.819659120958087,1.5280274869370507,0.6544384891953167,0.541919225476392,1.0,other
c_concentrating_2,c,concentrating,2,6,0.25,117.72096846809188,28.991007469416385,65.19556398022432,38.717472285360984,4.060602881506612,2.2488202263754156,0.44467760840615145,0.5538143699344055,1.0,other
c_concentrating_2,c,concentrating,2,7,0.2916666666666667,88.14445996791444,39.14620323605015,79.17190340058319,26.845881820190094,2.251673283265982,2.022466979062556,0.4944456499673064,0.898206233601098,1.0,other
c_concentrating_2,c,concentrating,2,8,0.3333333333333333,65.36579286906111,31.109964876778562,50.29749902598133,22.84101740319104,2.1011207543294965,1.6167648927024323,0.6185191208157013,0.7694773798083632,1.0,other
c_concentrating_2,c,concentrating,2,9,0.375,32.37051947451813,14.987987906791037,43.98913825232127,20.386922227146094,2.159764184213886,2.934959550667228,0.34072019826394606,1.3589259290988283,1.0,other
c_concentrating_2,c,concentrating,2,10,0.4166666666666667,45.11368721497874,14.082744992609468,44.56818281497709,22.10135836742409,3.203472564379608,3.1647369059346158,0.3159820325426635,0.9879082284406909,2.5,other
c_concentrating_2,c,concentrating,2,11,0.4583333333333333,63.0166654800805,16.873799701586123,43.02885615714899,22.727679561852003,3.7345865539791245,2.5500395238841382,0.39215078457953945,0.6828170901989469,2.0,other
c_concentrating_2,c,concentrating,2,12,0.5,43.84780606524364,11.766350297882983,47.123346037915574,20.647747556704154,3.7265426368559496,4.004924623601769,0.2496925894951463,1.0747024826692144,2.0,other
c_concentrating_2,c,concentrating,2,13,0.5416666666666666,49.69271027359585,12.961209118438177,43.83774202849858,19.713351525583825,3.8339563708531395,3.382226274409576,0.2956632462961298,0.8821765161758888,1.5,other
c_concentrating_2,c,concentrating,2,14,0.5833333333333334,54.10996726459317,15.02915556558414,36.943105384263724,17.35968232078271,3.60033316765326,2.4580958805737034,0.4068189560476407,0.6827412259115785,2.0,other
c_concentrating_2,c,concentrating,2,15,0.625,98.2087044029738,38.45051010145797,80.96725648985706,46.27954852789048,2.554158687201653,2.1057524666437892,0.47488962536695,0.8244407354935572,1.0,other
c_concentrating_2,c,concentrating,2,16,0.6666666666666666,80.08700352000731,21.18536769368787,55.306318523378096,29.662154044085028,3.7802980188004502,2.610590447285769,0.3830551058055468,0.6905779476386763,1.0,other
c_concentrating_2,c,concentrating,2,17,0.7083333333333334,72.5687581319624,18.166986594027158,53.40796914642484,26.015246235276116,3.9945401928034205,2.939836437375036,0.3401549784493775,0.7359636642714116,1.0,other
c_concentrating_2,c,concentrating,2,18,0.75,53.467422837552206,16.459455838776655,49.45248890746177,23.0331884047573,3.2484319871370766,3.0045032710593738,0.332833719847276,0.9249087815156373,1.5,other
c_concentrating_2,c,concentrating,2,19,0.7916666666666666,85.66324844896214,21.974847446371726,45.7057504962664,26.670217190800187,3.898240870978425,2.0799120725551563,0.4807895550947534,0.5335514508709966,1.0,other
c_concentrating_2,c,concentrating,2,20,0.8333333333333334,88.49840041712325,36.75637324019071,72.67980085142972,32.710961407666474,2.4077021919114694,1.9773387427669025,0.505730241547128,0.8212555312736156,1.0,other
c_concentrating_2,c,concentrating,2,21,0.875,112.78651323238334,64.02987396193627,118.90333164938787,52.5547233014289,1.761467050511943,1.8569977463968166,0.5385036152791931,1.0542335979870354,1.0,other
c_neutral_1,c,neutral,1,0,0.0,29.34460338540023,12.1545507291695,14.653139125154272,5.008327566498529,2.414289432761724,1.2055681408271597,0.8294844282413468,0.4993469815456638,1.5,other
c_neutral_1,c,neutral,1,1,0.041666666666666664,27.675914612432635,11.064442068836094,12.466347148741793,5.121978771346618,2.501338471497276,1.1267036395675367,0.8875448386621264,0.4504402952284595,1.5,other
c_neutral_1,c,neutral,1,2,0.08333333333333333,19.64827752298504,10.47766333082188,14.382824623788222,4.36282626698069,1.875253756740417,1.3727129961771751,0.7284843975287393,0.7320145293633419,1.5,other
c_neutral_1,c,neutral,1,3,0.125,19.84139884492393,13.630668555108834,15.056424902096584,4.276862717355662,1.4556438493611004,1.1045991501607872,0.9053057843240585,0.7588388812590451,1.5,other
c_neutral_1,c,neutral,1,4,0.16666666666666666,31.222303992141494,13.873793805423018,15.284123181247834,3.9055633868321977,2.2504517819730934,1.1016541975183127,0.9077258564917119,0.4895257949283555,1.0,other
c_neutral_1,c,neutral,1,5,0.20833333333333334,55.657808364039106,15.513540335600679,17.402980452855104,6.606019396632121,3.5876922456130034,1.1217929677159837,0.8914300844977133,0.3126781482128802,1.0,other
c_neutral_1,c,neutral,1,6,0.25,21.07879120166084,10.052585716056603,12.540432809982825,4.7101295275583555,2.0968526702530386,1.2474833007345045,0.8016139369650968,0.5949313074933223,1.0,other
c_neutral_1,c,neutral,1,7,0.2916666666666667,14.353789910647729,11.108128273171191,11.988654372283683,4.131926080062078,1.2921879868200292,1.0792686290127902,0.9265533835767121,0.8352257102070602,1.5,other
c_neutral_1,c,neutral,1,8,0.3333333333333333,35.94395434872644,17.132812893414997,15.878523235310588,4.662299932976834,2.097959895572169,0.9267902085951983,1.0789928408024194,0.44175782890379706,2.0,other
c_neutral_1,c,neutral,1,9,0.375,54.59677652871212,15.618987223181382,16.109143628882165,4.721928399800252,3.4955388431127403,1.0313820863476542,0.969572783197365,0.2950566801395402,1.5,other
c_neutral_1,c,neutral,1,10,0.4166666666666667,30.50183813246789,14.750492215094123,13.984168919410715,5.099110331287288,2.0678522240264954,0.9480476119366896,1.0547993448949058,0.4584697111917715,1.0,other
c_neutral_1,c,neutral,1,11,0.4583333333333333,27.782509347399994,13.332876358215806,13.870419553830153,5.362878209291007,2.0837596180272255,1.040317121465175,0.9612453542931287,0.4992500634262616,1.5,other
c_neutral_1,c,neutral,1,12,0.5,24.488174268033827,14.823631370216805,14.451664205543969,5.379523935785964,1.6519686476577347,0.974907149578734,1.0257387079704041,0.5901486998321783,1.5,other
c_neutral_1,c,neutral,1,13,0.5416666666666666,29.2314641228654,14.075886509274646,14.17396903745878,6.2258572690814,2.0767050163131606,1.0069681243962507,0.9930800943670102,0.48488741370883426,1.5,other
c_neutral_1,c,neutral,1,14,0.5833333333333334,13.8316476797421,12.22722456169747,14.529341846450558,4.540227832133805,1.131217277473629,1.18827799171732,0.841553918334196,1.050441869462183,2.0,other
c_neutral_1,c,neutral,1,15,0.625,31.191104059615853,17.05353787024662,16.06779839792486,5.842857142385328,1.8290107482058082,0.942197362223496,1.0613487578017573,0.5151404184736239,1.5,other
c_neutral_1,c,neutral,1,16,0.6666666666666666,98.85045430699431,49.85650017323126,74.00536444908968,27.51108104601152,1.9826994266249895,1.484367418329623,0.6736876514881419,0.7486598313372984,0.5,other
c_neutral_1,c,neutral,1,17,0.7083333333333334,227.20730929064695,72.58343509986713,116.48506813914858,62.97230287327044,3.1302914911375264,1.6048436944170175,0.6231136424555442,0.5126818697110627,1.0,other
c_neutral_1,c,neutral,1,18,0.75,108.33831219877521,52.1144909753931,278.0927678401645,112.99189826421134,2.0788519694057706,5.336188891712894,0.18739966299787492,2.5668921935015008,1.0,other
c_neutral_1,c,neutral,1,19,0.7916666666666666,79.7381198745012,55.94167943536146,488.70800274218453,156.62646833300698,1.4253794430078854,8.736026656240604,0.11446851518998598,6.1289130407307795,21.5,beta
c_neutral_1,c,neutral,1,20,0.8333333333333334,89.99806585902225,31.266924769999953,421.0274817693371,111.0662826598638,2.8783791984996796,13.465586554047853,0.07426338213981423,4.678183667067434,21.5,beta
c_neutral_1,c,neutral,1,21,0.875,66.92922250554368,28.75708427562974,275.2923701769622,75.04827455606247,2.3273994631737756,9.573027902910844,0.10446015723989822,4.113186435927297,21.5,beta
c_neutral_2,c,neutral,2,0,0.0,23.185576503425118,11.30357482184435,17.991358666643876,6.8166947005887435,2.051172029101678,1.591652105657342,0.6282779989707653,0.7759720213981344,2.0,other
c_neutral_2,c,neutral,2,1,0.041666666666666664,32.67795656017059,13.823453963568177,17.190583400259257,6.770609800814311,2.3639501854090597,1.2435809057248048,0.8041294260763542,0.5260605377391295,1.5,other
c_relaxed_1,c,relaxed,1,0,0.0,11.000063962168792,11.1176991060684,11.059465046224418,3.330450752941247,0.9894191106651375,0.9947620403027281,1.0052655403855961,1.0054000671505108,1.0,other
c_relaxed_1,c,relaxed,1,1,0.041666666666666664,9.820893409378995,8.937971694345487,10.15827620272993,3.363802340751059,1.0987832301585916,1.1365303617101916,0.8798709068319585,1.034353574495446,1.5,other
c_relaxed_1,c,relaxed,1,2,0.08333333333333333,9.72129657442472,7.879485238552719,8.716900943974393,3.311520534257431,1.233747672609423,1.106277971221314,0.9039319465938703,0.8966808981949237,2.0,other
c_relaxed_1,c,relaxed,1,3,0.125,11.65845405554299,9.519809170406841,8.192631206156651,3.3621295608356427,1.2246520751470853,0.8605877554378045,1.1619965467568996,0.7027202034785633,1.5,other
c_relaxed_1,c,relaxed,1,4,0.16666666666666666,8.29890969272246,6.697856021427613,8.214889605534534,3.882375543378448,1.239039726469604,1.226495400804924,0.8153312269607537,0.9898757679865337,1.0,other
c_relaxed_1,c,relaxed,1,5,0.20833333333333334,11.877698952251134,8.368949947446225,8.881467555567978,3.911087167554991,1.419257974637021,1.0612403720108454,0.9422935900046784,0.7477431101151716,1.5,other
c_relaxed_1,c,relaxed,1,6,0.25,13.902614049831374,9.573055544619226,10.254160199026757,3.316985296683878,1.4522650563378048,1.071148093859161,0.9335777244369388,0.7375706584583731,2.5,other
c_relaxed_1,c,relaxed,1,7,0.2916666666666667,19.03540146015927,13.496603770100549,9.76314231993482,3.2152255573257182,1.4103845518773392,0.7233777094029697,1.3824036696200341,0.512893953950427,2.5,other
c_relaxed_1,c,relaxed,1,8,0.3333333333333333,24.742830474838122,12.211687868293298,10.217037153746054,3.741875000211638,2.0261597529921285,0.8366605226025962,1.1952279006654987,0.41292919838480596,2.0,other
c_relaxed_1,c,relaxed,1,9,0.375,9.59780018658381,5.035417604203621,7.660229241456874,3.0883739439780826,1.9060584326851981,1.5212699012415638,0.6573455500459607,0.7981234337598162,4.5,theta
c_relaxed_1,c,relaxed,1,10,0.4166666666666667,17.177527645833337,7.040461336494775,8.850920195815878,2.9019923878652696,2.439829838535196,1.2571506003358686,0.7954496459953433,0.515261589345356,1.0,other
c_relaxed_1,c,relaxed,1,11,0.4583333333333333,18.67657485254937,8.39793176425356,9.363857479753703,3.0229639453351114,2.2239493457243413,1.1150194765348869,0.896845320682353,0.5013690975824472,1.0,other
c_relaxed_1,c,relaxed,1,12,0.5,10.418356344097406,6.479619917061683,8.320697221685569,3.222642434676643,1.6078653497351776,1.284133533785846,0.7787352122577381,0.7986573838396034,1.0,other
c_relaxed_1,c,relaxed,1,13,0.5416666666666666,12.903006497130608,6.1690814485850405,8.969017913538869,3.5528083321458332,2.091560405656515,1.453866023376305,0.6878212874647868,0.6951107027291208,1.5,other
c_relaxed_1,c,relaxed,1,14,0.5833333333333334,12.68223540862761,7.591884812100851,9.194356835492936,3.947611136664172,1.6704989238526318,1.2110769674531776,0.8257113518581235,0.7249791964307883,1.0,other
c_relaxed_1,c,relaxed,1,15,0.625,9.408785804782084,7.963783389146524,8.977305563725285,3.7312736551626853,1.1814467251337961,1.127266416607971,0.8871017403402072,0.954140709544318,1.0,other
c_relaxed_1,c,relaxed,1,16,0.6666666666666666,11.278020907673001,7.909925718450856,9.31014789237183,3.6621482091314386,1.4258061717780304,1.1770209005445889,0.8496025852534275,0.8255125583281789,1.0,other
c_relaxed_1,c,relaxed,1,17,0.7083333333333334,10.804899010143071,8.857350095973285,10.586902596716941,4.537844933476687,1.2198794101020325,1.1952674876800842,0.8366328125773066,0.9798242988461543,1.0,other
c_relaxed_1,c,relaxed,1,18,0.75,16.86347918486038,9.888645276518995,13.06351420051806,4.171204523778477,1.7053376588301155,1.321062070204695,0.7569667031959012,0.7746630489066672,1.0,other
c_relaxed_1,c,relaxed,1,19,0.7916666666666666,10.215341661435868,8.085165726665066,10.412014241623961,3.5495217084707544,1.2634671949574803,1.2877923092268715,0.7765227302843204,1.0192526678701854,1.5,other
c_relaxed_1,c,relaxed,1,20,0.8333333333333334,15.202543438496633,8.613624630501388,9.695566802960826,3.4583016625979086,1.7649414840604347,1.1256082333363138,0.888408569148424,0.6377595197925389,1.5,other
c_relaxed_1,c,relaxed,1,21,0.875,22.78665678970393,10.012565174802258,10.124777075772812,3.4871903673352223,2.2758060888381633,1.0112071081697374,0.9889170990994892,0.44432920411333254,2.5,other
c_relaxed_2,c,relaxed,2,0,0.0,13.032832401610039,6.604790653697169,8.545410849305965,2.6105211402666573,1.9732392872005171,1.2938200917121414,0.7729049860994796,0.6556833223950834,2.5,other
c_relaxed_2,c,relaxed,2,1,0.041666666666666664,12.139807976381267,7.559446348085555,9.868192593990205,3.8000213553979596,1.6059123138635274,1.305412081731269,0.7660416308341316,0.8128788044415013,1.0,other
c_relaxed_2,c,relaxed,2,2,0.08333333333333333,12.135930850583899,7.739003239534378,9.917422084069582,4.828613164544949,1.5681516695312903,1.2814857129671222,0.7803442440919792,0.8171950059844336,1.0,other
c_relaxed_2,c,relaxed,2,3,0.125,7.156825636145695,7.86387628298542,8.306556793090786,6.147140573517948,0.9100887880993846,1.0562929138474835,0.9467070988458686,1.160648200109606,1.5,other
c_relaxed_2,c,relaxed,2,4,0.16666666666666666,7.773016490908608,8.522737762493147,9.800689984875657,7.174888373054905,0.9120328124040246,1.149946209539207,0.8696058926101494,1.2608605676237319,1.0,other
c_relaxed_2,c,relaxed,2,5,0.20833333333333334,11.895724413424688,12.54099226554553,10.786255529371614,7.981321716838406,0.9485473048337956,0.8600799124169155,1.1626826595564757,0.9067338107798627,1.0,other
c_relaxed_2,c,relaxed,2,6,0.25,14.270888847922269,15.250406355112764,8.832646860321155,5.277447468026921,0.935771055250465,0.579174525232239,1.7265952773026703,0.6189275912976591,1.0,other
c_relaxed_2,c,relaxed,2,7,0.2916666666666667,8.271427875135482,9.217092673109821,8.007533174155874,4.640118898084172,0.8974009667133709,0.8687699536229307,1.1510526990831298,0.9680956293201934,1.5,other
c_relaxed_2,c,relaxed,2,8,0.3333333333333333,6.947081014028119,7.547436380277738,7.659420972756498,3.851685978413292,0.9204557235065389,1.0148374344395121,0.9853794963252348,1.1025380238534666,3.0,other
c_relaxed_2,c,relaxed,2,9,0.375,6.838403690111361,7.331052307279338,6.87691921218427,3.2372906344512304,0.932799740539458,0.9380534913597414,1.06603728807668,1.0056322387238712,2.5,other
c_relaxed_2,c,relaxed,2,10,0.4166666666666667,7.654869128444468,4.80046873274881,7.048605243248593,3.1576334721685093,1.5946086839859892,1.468316040715564,0.6810522886562375,0.9208002285835195,1.5,other
c_relaxed_2,c,relaxed,2,11,0.4583333333333333,6.2502883432595056,5.655352299867226,7.047780032202187,3.935147156545595,1.105198758953752,1.2462141452032356,0.802430307703591,1.1275927837477642,1.0,other
c_relaxed_2,c,relaxed,2,12,0.5,5.192688593620662,9.252152558800582,7.299214057348136,2.9771754341710897,0.5612411339544346,0.7889206334373697,1.267554627951542,1.405671440863099,3.0,other
c_relaxed_2,c,relaxed,2,13,0.5416666666666666,4.6406192436256966,7.615213192877192,6.075197876347207,3.318584530775987,0.60938796145146,0.7977712143409955,1.2534922068177867,1.3091351730034806,2.0,other
c_relaxed_2,c,relaxed,2,14,0.5833333333333334,7.148005110776364,11.175691689706031,7.795209959297651,4.010165067720779,0.6396029265338821,0.6975147646993382,1.4336614084879584,1.0905434227439987,1.0,other
c_relaxed_2,c,relaxed,2,15,0.625,13.455674109265349,12.24559130425084,8.802431672322783,4.039957864505133,1.0988178336961523,0.7188245511073993,1.3911600521426686,0.6541799095937957,1.0,other
c_relaxed_2,c,relaxed,2,16,0.6666666666666666,13.506810001383332,15.266084897471305,8.560263628045199,3.3855680257310254,0.8847592615982778,0.5607373262717236,1.7833662093602405,0.6337738982904534,1.0,other
c_relaxed_2,c,relaxed,2,17,0.7083333333333334,6.4009749851348845,16.088433605215297,7.281098918427443,3.4152353350593856,0.39786191385716485,0.452567297543943,2.2096161287546474,1.1374984178717287,2.5,other
c_relaxed_2,c,relaxed,2,18,0.75,5.514445020489196,11.0069426718776,5.541778933150934,2.3210627943012474,0.5009969784414735,0.5034803122314799,1.986174981833729,1.0049567839665057,1.0,other
c_relaxed_2,c,relaxed,2,19,0.7916666666666666,5.518787430558685,6.491045428831453,7.663048004879696,2.5588236958307675,0.8502154993471063,1.1805568284644146,0.8470579102072788,1.3885383521836316,1.0,other
c_relaxed_2,c,relaxed,2,20,0.8333333333333334,5.676618250588037,8.603505425358593,6.63583045471325,2.561165522135595,0.6598029489068912,0.7712938071909996,1.2965227915441626,1.168975992709365,1.5,other
c_relaxed_2,c,relaxed,2,21,0.875,5.611698856442398,8.207148624428044,6.538003331001599,2.542052313500882,0.683757430654971,0.7966229966326743,1.25529893591699,1.1650666755746837,1.5,other
d_concentrating_1,d,concentrating,1,0,0.0,143.31609820969993,41.91733028283498,288.10679803815145,313.04424625615064,3.4190177962833532,6.873214398296981,0.14549233328845035,2.010289155490362,1.0,other
d_concentrating_1,d,concentrating,1,1,0.041666666666666664,174.0415214319499,60.88595378231636,392.47133970776196,271.35191542792546,2.85848394613633,6.446007910312983,0.15513477704551024,2.255044293330991,1.0,other
d_concentrating_1,d,concentrating,1,2,0.08333333333333333,525.5420406479086,60.91675977793882,766.3171104891557,402.76253323941603,8.627215934722699,12.579741819535839,0.0794928874014759,1.4581461638052975,0.5,other
d_concentrating_1,d,concentrating,1,3,0.125,561.6670847588933,105.27081557991859,561.0431096517904,749.2025240508971,5.335449161904628,5.329521829588776,0.18763409400973588,0.9988890659181661,1.0,other
d_concentrating_1,d,concentrating,1,4,0.16666666666666666,172.82541418087106,63.270319854951325,490.47744930682956,668.6444754585791,2.7315400740359355,7.752093721531051,0.12899740843206658,2.837993773262528,1.0,other
d_concentrating_1,d,concentrating,1,5,0.20833333333333334,90.71253818025228,22.81266422471166,410.66120191347426,260.17421536164807,3.9764114040651397,18.00145734265568,0.05555105794853797,4.527061089366292,1.0,other
d_concentrating_1,d,concentrating,1,6,0.25,101.27443175923639,26.441127123369338,405.9066475133816,224.00749416246188,3.8301858800008373,15.351336787554379,0.06514090686947335,4.00798741066609,1.0,other
d_concentrating_1,d,concentrating,1,7,0.2916666666666667,240.15056771750773,31.727226508123383,373.61781594531266,248.22333945580525,7.569226627988425,11.775936855043167,0.08491893361093726,1.5557648665848844,1.0,other
d_concentrating_1,d,concentrating,1,8,0.3333333333333333,99.50891832050104,23.11607379329614,363.3850318864738,222.33392217281238,4.304749985240118,15.720015221263854,0.06361316995719819,3.6517835588974386,1.0,other
d_concentrating_1,d,concentrating,1,9,0.375,89.66461424601162,24.889250863868195,320.9896727207913,218.07895579229458,3.6025437140086054,12.896718928040258,0.07753910165676198,3.579892418207434,1.0,other
d_concentrating_1,d,concentrating,1,10,0.4166666666666667,72.32160837144417,27.1931298637262,404.93333009367495,228.89611648068487,2.659554407082662,14.891015933911628,0.06715458531762623,5.599064224539023,0.5,other
d_concentrating_1,d,concentrating,1,11,0.4583333333333333,119.10395423555666,22.526114983870063,412.3990575771459,225.29827314041978,5.287372204254557,18.30759799781038,0.054622130118850205,3.462513568286136,1.0,other
d_concentrating_1,d,concentrating,1,12,0.5,212.21038742915562,44.03184974810602,572.1253636240643,223.08394208686775,4.819474735745882,12.993443766206385,0.07696189078070438,2.6960290236266724,0.5,other
d_concentrating_1,d,concentrating,1,13,0.5416666666666666,253.28997264462532,59.65521635006052,636.7862684462889,310.28138665468305,4.245898148425177,10.67444403704091,0.09368169400953763,2.5140603151302883,1.0,other
d_concentrating_1,d,concentrating,1,14,0.5833333333333334,53.45249797773222,55.04791856984541,684.7392868410711,261.59812274645697,0.9710176036885227,12.438967805336116,0.08039252256694612,12.810239235710307,1.0,other
d_concentrating_1,d,concentrating,1,15,0.625,41.053630397167666,54.86749408665344,654.2268223583884,272.8915801315531,0.7482322836237202,11.923759837202581,0.08386616416744341,15.935906667185376,21.5,beta
d_neutral_1,d,neutral,1,0,0.0,16.774096536881707,12.992269247858848,11.326030989217127,3.464104852525504,1.2910828906694733,0.8717515603429847,1.1471158131412542,0.675209598580421,1.5,other
d_neutral_1,d,neutral,1,1,0.041666666666666664,45.126115379538966,18.947605195753294,14.383046599070497,4.699833278632244,2.381626327619125,0.759095751176732,1.3173568663107704,0.3187299965463467,1.5,other
d_neutral_1,d,neutral,1,2,0.08333333333333333,26.317795173323468,11.375440822247526,30.411147904227683,19.122904923482782,2.3135626640378124,2.6734039040272672,0.37405496359662704,1.1555355493857389,1.0,other
d_neutral_1,d,neutral,1,3,0.125,25.205133083594788,12.490988090738561,34.55771176458156,31.93423657146468,2.017865432301799,2.7666115373374156,0.36145298553999344,1.3710584923304399,1.0,other
d_neutral_1,d,neutral,1,4,0.16666666666666666,33.74110559915073,16.549044054152606,44.29472367065098,54.231591802748476,2.038855264916898,2.6765729504198297,0.3736120847530595,1.3127822246514023,1.0,other
d_neutral_1,d,neutral,1,5,0.20833333333333334,73.8775523643883,11.952780915358886,28.104281526842264,41.16745939828489,6.180783609064426,2.3512755505063505,0.42530106681228774,0.38041706347041304,1.0,other
d_neutral_1,d,neutral,1,6,0.25,42.60082317660953,11.320624389167897,12.940804878221723,4.792454586338377,3.7631160360175886,1.1431175908109883,0.8748006399678854,0.303768892553396,2.5,other
d_neutral_1,d,neutral,1,7,0.2916666666666667,21.528436264256545,8.59666974745045,12.534814576513465,4.833779702258432,2.5042762949735646,1.4581012118362424,0.685823447564838,0.5822445449660874,1.0,other
d_neutral_1,d,neutral,1,8,0.3333333333333333,10.151761528625197,9.800469481769884,12.393627172700945,4.958191831808987,1.0358444100569633,1.2645952518657053,0.7907668469612408,1.220835136616862,1.5,other
d_neutral_1,d,neutral,1,9,0.375,83.27923322234008,27.454867724312177,17.018021256074988,7.0134712172982425,3.033313948498598,0.6198544253413022,1.613282020934808,0.20434891866307214,1.0,other
d_neutral_1,d,neutral,1,10,0.4166666666666667,138.73992016470876,37.46234518412071,21.4754633333522,10.348785706688334,3.703449943745565,0.5732546435041412,1.7444254683874636,0.1547893591682699,1.0,other
d_neutral_1,d,neutral,1,11,0.4583333333333333,20.603274277646747,14.13372591841756,16.503576008068347,6.533147380842966,1.4577383484420596,1.167673414875171,0.8564038431130198,0.8010171483264524,1.0,other
d_neutral_1,d,neutral,1,12,0.5,20.330170503820572,16.382339287154497,14.053883762695985,5.3644582911698775,1.2409809214341931,0.8578679464730492,1.1656805736958677,0.6912821395204183,1.0,other
d_neutral_1,d,neutral,1,13,0.5416666666666666,34.28757698460499,14.7422500763183,17.517600823390055,6.860879073957133,2.325803510800836,1.1882582870799372,0.8415678736459151,0.5109022673505159,1.0,other
d_neutral_1,d,neutral,1,14,0.5833333333333334,36.60176534882487,11.39391513779553,14.818438726779856,4.471842100695985,3.212395818835851,1.3005572314317673,0.7689011877617354,0.4048558474039727,1.5,other
d_neutral_1,d,neutral,1,15,0.625,23.6719794165867,11.580625586874113,10.495483841274584,3.8360933953102547,2.044101956237783,0.9062967939461348,1.1033913025840787,0.44337161910171785,1.5,other
d_neutral_1,d,neutral,1,16,0.6666666666666666,61.22983224769355,32.79105778463349,46.05124111161682,19.200700210946593,1.867272249948186,1.4043841285656025,0.7120558967163572,0.7521046428042681,0.5,other
d_neutral_1,d,neutral,1,17,0.7083333333333334,87.78888046852224,41.68581424577064,51.97079776900857,21.135121413733142,2.1059653519285426,1.246726223520545,0.8021007187738206,0.5919975000437935,1.0,other
d_neutral_1,d,neutral,1,18,0.75,36.741984006230666,19.41774033902217,17.864888937705786,4.824365516467057,1.8921863906272063,0.9200292426304747,1.0869219734156266,0.4862254834871268,0.5,other
d_neutral_1,d,neutral,1,19,0.7916666666666666,12.81951630468436,7.466403326431093,9.37422052023191,3.7884972104111334,1.7169600601809478,1.2555202432002484,0.7964825779718676,0.7312460390417765,1.5,other
d_neutral_1,d,neutral,1,20,0.8333333333333334,14.688267112273106,8.626102124333284,9.021282651524675,3.4175109949001756,1.7027699070289375,1.0458121781420406,0.9561946407782044,0.6141829109294141,1.0,other
d_neutral_1,d,neutral,1,21,0.875,18.389005180189628,9.582590698769167,9.966153319559087,3.05043876320584,1.919001422292992,1.0400270274341559,0.96151347380567,0.5419626141764085,1.0,other
d_neutral_2,d,neutral,2,0,0.0,17.661779463615282,10.594120941637009,8.450211102106595,3.288557326352521,1.6671302471355567,0.7976321158365843,1.2537108024432606,0.4784461905163477,1.5,other
d_neutral_2,d,neutral,2,1,0.041666666666666664,56.90506857569838,15.294369505327435,10.2165015955478,3.212894982045314,3.720654751794563,0.6679910271547397,1.4970260966819104,0.1795358805684809,1.5,other
d_neutral_2,d,neutral,2,2,0.08333333333333333,29.50241179307113,9.771262302797957,9.225691076321361,2.7158808638549443,3.0193040447418187,0.9441657372844884,1.0591360822688782,0.3127097249211363,1.0,other
d_neutral_2,d,neutral,2,3,0.125,36.91123920965969,9.155011308527877,9.910647971159694,2.845355916896875,4.0318070579854925,1.0825380370560485,0.9237550698167523,0.2684994647528949,1.0,other
d_neutral_2,d,neutral,2,4,0.16666666666666666,36.15038907194524,9.540008949763799,8.714636483610201,2.987482088893687,3.7893454044233668,0.9134830511690418,1.0947110608349404,0.2410661878705271,1.0,other
d_neutral_2,d,neutral,2,5,0.20833333333333334,16.980182223974694,10.499636556311042,8.285531348433075,2.7572001618997835,1.6172161896183326,0.7891255382028315,1.2672254940290208,0.48795302895716575,1.0,other
d_neutral_2,d,neutral,2,6,0.25,12.563556693013211,8.506816034638025,7.693027400348978,2.6125063168761304,1.4768812023037718,0.904336871636172,1.1057826252187963,0.6123287846209338,1.0,other
d_neutral_2,d,neutral,2,7,0.2916666666666667,13.90870067811718,6.510466096279994,7.323676667183902,2.487555257326469,2.136360204081925,1.124908195339281,0.8889614318245697,0.5265536182474888,1.0,other
d_neutral_2,d,neutral,2,8,0.3333333333333333,69.04486061913371,14.14171367707474,13.311061671693281,3.457633877691058,4.882354585573526,0.9412622809123878,1.0624031370200837,0.1927885950138991,2.5,other
d_neutral_2,d,neutral,2,9,0.375,58.89734732199791,13.365658759943946,13.014995719006869,4.522652498666869,4.406617614577264,0.9737638789650988,1.0269430008666829,0.2209776214173541,2.0,other
d_neutral_2,d,neutral,2,10,0.4166666666666667,22.031647326654884,6.997337197495881,19.082046787705394,10.851131002858207,3.1485759089242253,2.72704405249103,0.36669741329867617,0.8661198368321315,1.0,other
d_neutral_2,d,neutral,2,11,0.4583333333333333,28.881053419766403,8.888091645906304,12.480212687323618,5.554634561939422,3.24940994876763,1.4041498652944,0.7121746935398066,0.4321245664391892,1.5,other
d_neutral_2,d,neutral,2,12,0.5,27.32114301544143,8.623910369736944,8.41910457907253,2.7526336363609314,3.1680689900624293,0.9762514008281997,1.0243263150779125,0.30815345369387365,1.5,other
d_neutral_2,d,neutral,2,13,0.5416666666666666,15.7606212425495,6.833117978050956,8.426219924699954,3.5145384336234984,2.3065050674048186,1.233144217876274,0.8109351570590859,0.5346375498163355,1.5,other
d_neutral_2,d,neutral,2,14,0.5833333333333334,19.707158301641,7.259896783284041,9.056638125476898,2.970276575527212,2.714523207412103,1.247488551948819,0.801610562628255,0.45956083504554573,2.5,other
d_neutral_2,d,neutral,2,15,0.625,26.993812192138165,5.818976047394823,8.36894840916072,2.8582013460928297,4.638928219033208,1.4382166795320506,0.6953055226180298,0.31003210475021903,2.0,other
d_neutral_2,d,neutral,2,16,0.6666666666666666,18.90722120046838,5.080922654900532,8.104338947633511,3.041106521775304,3.721218070940803,1.5950526111270174,0.6269385680597891,0.4286372313363926,1.5,other
d_neutral_2,d,neutral,2,17,0.7083333333333334,15.553989206526825,6.497872856806974,7.784940414500255,2.9870638740421764,2.3937047629722303,1.198075214159506,0.8346721375932454,0.500510853590763,1.5,other
d_neutral_2,d,neutral,2,18,0.75,9.407605736068001,7.809427257024932,8.646451239127614,2.873688457116686,1.2046473353862712,1.107181225274842,0.9031945061674651,0.9190915820353545,1.0,other
d_neutral_2,d,neutral,2,19,0.7916666666666666,91.73225395309441,14.985969654345613,11.853449768669714,3.584397231262861,6.121209108847622,0.7909698232461364,1.2642707352551135,0.12921790600207814,2.0,other
d_neutral_2,d,neutral,2,20,0.8333333333333334,53.56176702372817,10.092534328927771,9.69259672188775,3.7746863543386024,5.307068103816751,0.9603729257681395,1.0412621734418068,0.1809611082769893,3.0,other
d_neutral_2,d,neutral,2,21,0.875,17.560907570709436,6.9725309118942045,7.594504086220156,2.701855440951961,2.5185843982065217,1.0892033584626994,0.918102200319506,0.43246649158881423,1.5,other
d_relaxed_1,d,relaxed,1,0,0.0,26.131106265453163,17.675760279090138,5.8295603513133125,1.537257982107506,1.4783582631161518,0.32980535259971233,3.0320914809824475,0.22308892291407997,3.0,other
d_relaxed_1,d,relaxed,1,1,0.041666666666666664,38.428707495423154,18.00198583651712,6.861629851582823,1.5690953551160212,2.1346926858186013,0.38115960727310266,2.623572857455211,0.1785547914251355,3.5,other
d_relaxed_1,d,relaxed,1,2,0.08333333333333333,6.0506723729782115,22.18617854811878,6.22841360171076,2.7221120564695376,0.2727226033926993,0.2807339528167136,3.5620914035035978,1.0293754508220154,9.0,alpha
d_relaxed_1,d,relaxed,1,3,0.125,9.003701913396181,16.875492370182968,5.727226783149566,1.4788793202282369,0.5335371387032639,0.33938131448353526,2.9465381779246838,0.6360968897280236,1.5,other
d_relaxed_1,d,relaxed,1,4,0.16666666666666666,22.024581656329666,19.978718152757743,5.774919223042453,1.4951841613975603,1.1024021405141813,0.28905354081714785,3.4595666850266653,0.262203355920851,1.5,other
d_relaxed_1,d,relaxed,1,5,0.20833333333333334,4.976195670628948,3.8539817600529327,4.101522976168072,1.16614072457574,1.2911829843638394,1.0642299916104792,0.9396465123922311,0.8242286372251265,1.5,other
d_relaxed_1,d,relaxed,1,6,0.25,3.9469858436545495,3.262420849990488,4.057451259239322,1.1552632851250368,1.2098334412208216,1.243693393895258,0.8040566950894479,1.027987284464768,1.5,other
d_relaxed_1,d,relaxed,1,7,0.2916666666666667,16.29605478130107,25.93569669601772,5.775382154126403,1.0771178512040003,0.6283253144228524,0.22268081794051747,4.4907325617383,0.35440370271419147,2.0,other
d_relaxed_1,d,relaxed,1,8,0.3333333333333333,9.800110343682483,26.988178586606587,5.7798980471399135,1.3581451534118631,0.3631260372845606,0.21416406552194306,4.66931741122341,0.5897788743639862,1.0,other
d_relaxed_1,d,relaxed,1,9,0.375,10.371251644834347,28.120376928412856,6.127814864335499,1.3842994101049784,0.3688162385318251,0.21791368159592303,4.588972994611225,0.5908462232123743,1.0,other
d_relaxed_1,d,relaxed,1,10,0.4166666666666667,10.885892452588823,28.554928705343865,5.206500332488332,0.9249064130459939,0.38122639229533783,0.18233280797909926,5.484476497036286,0.4782796040989869,9.0,alpha
d_relaxed_1,d,relaxed,1,11,0.4583333333333333,22.556510431810512,22.229744262034778,7.860403262091783,2.3111123148634807,1.014699501979148,0.3535984566190546,2.828066642489164,0.34847603248978537,1.5,other
d_relaxed_1,d,relaxed,1,12,0.5,11.879192591996278,7.092889721474359,4.8551521431951805,1.8096420424540052,1.6748029447054502,0.6845097462175075,1.4608995788969286,0.4087106177962286,1.5,other
d_relaxed_1,d,relaxed,1,13,0.5416666666666666,5.642470906189523,3.958011171628225,4.983640516961718,1.1457584176047466,1.425582359806315,1.2591274508483956,0.7942007771542139,0.8832372554185262,1.0,other
d_relaxed_1,d,relaxed,1,14,0.5833333333333334,13.873058250363432,5.596932639470996,4.787840411975475,1.211222379088604,2.47868951513318,0.8554400634037301,1.1689889716189783,0.34511787708020675,2.0,other
d_relaxed_1,d,relaxed,1,15,0.625,11.282085580373769,32.49155590507016,4.365690217655637,1.1696729359561224,0.3472313118317997,0.1343638399592428,7.442478573873257,0.3869577292739349,9.0,alpha
d_relaxed_1,d,relaxed,1,16,0.6666666666666666,8.642258076993544,29.309592861714975,5.51490126713914,1.2097070489715573,0.29486107561331254,0.18816028230616813,5.314617876544388,0.6381319810178193,9.0,alpha
d_relaxed_1,d,relaxed,1,17,0.7083333333333334,5.950852657749999,16.890100771261945,5.490650544374385,1.1282699220620296,0.35232783618882935,0.3250809819747541,3.0761565746644024,0.9226661892264671,9.0,alpha
d_relaxed_1,d,relaxed,1,18,0.75,4.188681461287306,5.39765470637836,4.220415817877706,1.0730314449180813,0.7760187876296678,0.7818980737857274,1.278939075982481,1.0075762162589101,1.0,other
d_relaxed_1,d,relaxed,1,19,0.7916666666666666,5.736140122476777,4.789794994708801,4.980774891636896,1.0361821650043432,1.1975752884650357,1.0398722486325755,0.9616565893695046,0.8683147177873114,1.0,other
d_relaxed_1,d,relaxed,1,20,0.8333333333333334,6.184522036251428,10.592198051104749,5.408718667009628,1.1090649575302454,0.5838752265028119,0.5106323202147366,1.958356258333725,0.8745572633270088,1.0,other
d_relaxed_1,d,relaxed,1,21,0.875,4.276533437017973,11.570260880068423,5.374224192162581,1.0244168462817147,0.3696142620591181,0.46448599974271276,2.1529174195862053,1.2566776973244078,1.0,other
d_relaxed_2,d,relaxed,2,0,0.0,27.646912875582395,15.58684628711887,17.24699357798328,5.6671869505570385,1.773733593461436,1.1065095055332888,0.9037428011231085,0.6238307204713526,1.0,other
d_relaxed_2,d,relaxed,2,1,0.041666666666666664,27.37767859671621,14.497036694969548,15.305308411215353,5.106145472479755,1.8885017105748394,1.055754271252295,0.9471901059077305,0.5590433227253656,1.0,other
d_relaxed_2,d,relaxed,2,2,0.08333333333333333,25.14068500620662,15.206553891704008,14.646042536894793,4.751704958674947,1.6532795783482683,0.9631401460974663,1.038270498900794,0.582563384143234,1.0,other
d_relaxed_2,d,relaxed,2,3,0.125,28.494802079587412,15.076995901770363,14.250750131061302,4.471983752389274,1.8899522335375518,0.9451982493003104,1.0579791072827918,0.5001175334104179,1.0,other
d_relaxed_2,d,relaxed,2,4,0.16666666666666666,19.099198090182604,16.091650047579066,14.320515330813784,4.761451698928317,1.1869011589060758,0.8899345491898922,1.123678141173753,0.7497966806352375,1.5,other
d_relaxed_2,d,relaxed,2,5,0.20833333333333334,20.951774349789318,16.004303971134778,15.285900937423227,4.85919276128826,1.3091337422469451,0.9551118852149236,1.0469977554252456,0.7295754852178873,2.0,other
d_relaxed_2,d,relaxed,2,6,0.25,18.19624108830222,15.443329834628528,16.119899532234324,5.231855358256601,1.1782589171605238,1.0438098327789858,0.9580289135020422,0.8858917319246387,1.0,other
d_relaxed_2,d,relaxed,2,7,0.2916666666666667,23.029843105042545,17.512076553479165,15.864104884601144,5.023572828144174,1.3150835102115375,0.9058951310631054,1.1038805328674839,0.688849889781819,1.0,other
d_relaxed_2,d,relaxed,2,8,0.3333333333333333,29.560512195823428,17.302196064697245,15.137707980680453,5.5409948030003715,1.7084832517958568,0.8749009619401359,1.1429865133334074,0.5120922087006071,1.0,other
d_relaxed_2,d,relaxed,2,9,0.375,28.989199369769747,27.411117252339043,16.72631552857267,4.752800780629828,1.0575708791036615,0.6102018890581843,1.638801875135866,0.5769843904697504,1.0,other
d_relaxed_2,d,relaxed,2,10,0.4166666666666667,40.25680779555242,22.758903318627155,18.416555463092813,5.265479664165065,1.7688377700784907,0.8092022363845484,1.2357850176834915,0.4574767963874045,1.0,other
d_relaxed_2,d,relaxed,2,11,0.4583333333333333,37.965946347744975,19.21082120585286,21.392158112571106,4.931397139732223,1.9762791991514705,1.11354730145808,0.8980310029853237,0.5634564700859015,1.5,other
d_relaxed_2,d,relaxed,2,12,0.5,30.34284436920721,20.010876489620095,17.151603599981353,3.8453988394935283,1.516317607824247,0.8571140603900141,1.1667058635637924,0.565260243610757,2.0,other
d_relaxed_2,d,relaxed,2,13,0.5416666666666666,34.9108520888794,21.703385206423835,14.906461498507952,4.482762726564582,1.6085440937824933,0.6868265644612846,1.4559716407945786,0.42698647001103407,2.5,other
d_relaxed_2,d,relaxed,2,14,0.5833333333333334,34.19350354169846,31.330074694698528,12.681236610378043,4.786218879304549,1.0913955320854842,0.4047624122812538,2.470585137498238,0.3708668400976655,2.5,other
d_relaxed_2,d,relaxed,2,15,0.625,30.300886140886945,29.669914904746243,14.038255626038532,4.759463187242384,1.0212663648738598,0.47314782233476704,2.1135043907957973,0.463295217201447,2.0,other
d_relaxed_2,d,relaxed,2,16,0.6666666666666666,39.77839536022883,16.317674299255607,13.2618433801346,4.65428720481168,2.4377490707755745,0.8127287710810351,1.2304227875061808,0.33339312106576413,2.0,other
d_relaxed_2,d,relaxed,2,17,0.7083333333333334,30.682841860489216,15.20071617094459,17.732276545607345,3.386282546920941,2.018512911854636,1.1665421777627627,0.8572343281387704,0.5779215832168884,2.0,other
d_relaxed_2,d,relaxed,2,18,0.75,27.071850637431602,18.423316685037296,15.162231564110128,4.255078628000699,1.469434146969764,0.8229914202378286,1.2150794958603814,0.5600737004342685,2.0,other
d_relaxed_2,d,relaxed,2,19,0.7916666666666666,24.6491601824149,14.632956645522423,13.117733472811715,5.594291895101511,1.6844962217500563,0.8964513317836996,1.1155095257767826,0.5321777040570377,2.5,other
d_relaxed_2,d,relaxed,2,20,0.8333333333333334,37.18561162055588,14.216506448808122,14.661685405775536,5.075920688165107,2.615664527319469,1.0313142302977492,0.9696365769250479,0.39428383094472713,1.0,other
d_relaxed_2,d,relaxed,2,21,0.875,35.6102832096413,11.362310863511318,14.872414256239619,4.390107317094954,3.1340704930015075,1.3089251328266833,0.7639856359396618,0.4176438072307436,1.0,other
